['dollar', 'pound', 'acre', 'dollar', 'inch', 'metre', 'mile', 'pound', 'tonne']
['formula', 'formula', 'rally']
['quote', 'chapter', 'paragraph', 'section', 'sentence']
['ability', 'capability', 'capacity', 'counter', 'medium']
['absence', 'appointment', 'death', 'departure', 'rejection', 'resignation', 'retirement', 'succession', 'successor', 'withdrawal']
['abuse', 'action', 'discrimination', 'protest', 'terror', 'violence']
['acceptance', 'admission', 'approval', 'consent', 'licence', 'permission', 'recognition', 'seal']
['access', 'availability', 'delivery', 'distribution', 'lack', 'maintenance', 'quality', 'shortage']
['accident', 'crash', 'crisis', 'disaster', 'explosion', 'flood', 'tragedy']
['accommodation', 'housing', 'shelter']
['account', 'article', 'desk', 'links', 'page', 'talk']
['accountant', 'agent', 'inspector', 'officer', 'sergeant']
['accuracy', 'balance', 'effectiveness', 'efficiency', 'exposure', 'intensity', 'load', 'pressure', 'resistance', 'sensitivity', 'stability', 'strength', 'tone']
['achievement', 'contribution', 'talent']
['acid']
['acquisition', 'discovery', 'exchange', 'merger', 'purchase', 'sale', 'transfer']
['activity', 'attitude', 'behaviour', 'conduct', 'habit', 'personality']
['actor', 'artist', 'cast', 'dancer', 'producer']
['adam', 'luke', 'martin', 'michael', 'nigel', 'paul', 'peter', 'simon', 'stephen']
['addition', 'advance', 'decline', 'drop', 'ease', 'excess', 'gain', 'growth', 'improvement', 'increase', 'measure', 'reduction']
['address', 'answer', 'call', 'letter', 'message', 'reaction', 'reference', 'reply', 'response']
['administration', 'defence', 'government', 'ministry', 'public', 'regime', 'republic', 'state', 'treasury']
['adoption', 'application', 'compliance', 'construction', 'development', 'expansion', 'extension', 'framework', 'implementation', 'instruction', 'integration', 'operation', 'specification']
['adult', 'female', 'male']
['advantage', 'burden', 'care', 'duty', 'priority', 'privilege', 'responsibility']
['advertisement', 'advertising', 'ideal', 'publicity']
['advice', 'assistance', 'benefit', 'guidance', 'help', 'intervention', 'protection', 'refugee', 'relief', 'support']
['adviser', 'consultant', 'critic', 'leader', 'spokesman']
['affair', 'bond', 'connection', 'friendship', 'interaction', 'marriage', 'relationship']
['africa', 'america', 'china', 'india', 'japan', 'kong', 'russia']
['afternoon', 'evening', 'morning', 'night']
['agency', 'association', 'centre', 'entity', 'group', 'institution', 'movement', 'organisation', 'organization', 'society']
['agenda', 'culture', 'identity', 'ideology', 'origin', 'philosophy', 'politics', 'religion']
['agreement', 'concession', 'contract', 'deal', 'lease', 'treaty']
['aircraft', 'airline', 'flight', 'helicopter', 'missile', 'pilot', 'plane', 'vehicle']
['airport', 'apartment', 'cottage', 'garage', 'hotel', 'palace', 'restaurant', 'villa']
['alarm', 'camera', 'packet', 'phone', 'telephone', 'voice']
['album', 'band', 'song', 'track', 'tune']
['alcohol', 'drug', 'substance']
['alice', 'anna', 'anne', 'blanche', 'caroline', 'diana', 'eliot', 'elizabeth', 'emily', 'helen', 'isabel', 'jane', 'kate', 'laura', 'lily', 'lucy', 'maggie', 'marie', 'mary', 'penny', 'rachel', 'robyn', 'sarah', 'susan']
['allegation', 'argument', 'claim', 'objection', 'reason']
['alliance', 'coalition', 'faction', 'party']
['allocation', 'budget', 'consumption', 'cost', 'deficit', 'demand', 'exercise', 'expenditure', 'expense', 'household', 'price', 'spending', 'subsidy', 'surplus', 'turnover']
['allowance', 'cash', 'dividend', 'earnings', 'income', 'membership', 'money', 'profit', 'revenue', 'salary', 'wages', 'wealth']
['ally', 'boss', 'colleague', 'companion', 'fellow', 'friend', 'neighbour', 'partner', 'servant']
['alternative', 'compromise', 'equation', 'remedy', 'solution']
['ambassador', 'delegate', 'delegation', 'embassy', 'nation', 'representative', 'squad']
['ambition', 'attempt', 'attraction', 'commitment', 'desire', 'determination', 'effort', 'incentive', 'instinct', 'need', 'opportunity', 'order', 'preference', 'promise', 'refusal', 'tendency', 'will', 'willingness', 'wish']
['amendment', 'charter', 'clause', 'constitution', 'declaration', 'decree', 'legislation', 'rule', 'statute']
['american', 'english', 'french', 'german', 'russian']
['amount', 'concentration', 'degree', 'extent', 'favour', 'figure', 'fraction', 'incidence', 'mass', 'number', 'percentage', 'population', 'proportion', 'quantity', 'rate', 'ratio', 'relative', 'scale', 'share']
['analysis', 'calculation', 'estimate', 'measurement', 'research', 'search', 'statistics', 'study']
['analyst', 'commentator', 'editor', 'insider', 'interview', 'journalist', 'observer', 'reporter', 'researcher']
['angel', 'bible', 'christ', 'christian', 'jesus']
['anger', 'anxiety', 'depression', 'disorder', 'guilt', 'mood', 'pain', 'panic', 'sleep', 'stress', 'symptom']
['angle', 'curve', 'edge', 'ground', 'horizon', 'margin', 'shelf', 'side', 'slope', 'surface']
['animal', 'human', 'insect', 'plant', 'prey', 'species']
['ankle', 'collar', 'elbow', 'foot', 'heel', 'injury', 'knee', 'limb', 'shoulder', 'thigh', 'thumb', 'waist', 'wound', 'wrist']
['anniversary', 'birthday']
['announcement', 'choice', 'invitation', 'recommendation', 'request', 'suggestion']
['appeal', 'enquiry', 'inquiry', 'investigation', 'report']
['appearance', 'demonstration', 'performance', 'pitch', 'presentation', 'reception', 'safety']
['apple', 'beer', 'champagne', 'coffee', 'drink', 'fruit', 'juice', 'milk', 'palm', 'potato', 'seed', 'sugar', 'wine']
['applicant', 'client', 'creditor', 'defendant', 'employer', 'landlord', 'plaintiff', 'right', 'shareholder', 'stake', 'tenant', 'transaction']
['approach', 'direction', 'experiment', 'manner', 'path', 'perspective', 'practice', 'stance', 'strategy']
['april', 'february', 'june', 'march']
['architect', 'designer', 'developer', 'engineer', 'photographer']
['architecture', 'design', 'style']
['area', 'country', 'district', 'province', 'region', 'territory', 'zone']
['army', 'empire', 'flag', 'fleet', 'force', 'guard', 'rebel', 'troops']
['arrangement', 'complex', 'composition', 'format', 'formation', 'frame', 'hierarchy', 'shape', 'structure']
['array', 'battery', 'beam', 'light', 'particle', 'spectrum']
['arrest', 'conviction', 'crown', 'jury', 'justice', 'penalty', 'proceedings', 'prosecution', 'punishment', 'secret', 'trial', 'witness']
['arrival', 'closure', 'completion', 'creation', 'establishment', 'opening', 'receipt', 'replacement']
['arrow', 'blade', 'fist', 'knife', 'knight', 'sword', 'weapon']
['aspect', 'base', 'characteristic', 'cluster', 'component', 'core', 'element', 'equivalent', 'factor', 'feature', 'ingredient', 'part', 'portion', 'trace', 'unit', 'variable']
['assault', 'attack', 'raid', 'strike', 'suicide']
['assembly', 'congress', 'convention', 'parliament']
['assessment', 'evaluation', 'examination', 'identification', 'inspection', 'observation', 'preparation', 'review', 'selection', 'survey', 'test']
['asset', 'guide', 'reserve', 'resource']
['assistant', 'captain', 'chair', 'chairman', 'chancellor', 'chief', 'deputy', 'director', 'executive', 'manager', 'member', 'organiser', 'president', 'secretary', 'speaker', 'trustee']
['assumption', 'concept', 'conception', 'doctrine', 'expectation', 'gesture', 'hypothesis', 'implication', 'interpretation', 'norm', 'notion', 'premise', 'principle', 'proof', 'sense', 'theory', 'view']
['athelstan', 'century', 'mungo', 'scot']
['atmosphere', 'climate', 'countryside', 'environment', 'forest', 'interior', 'land', 'landscape', 'nature', 'scene', 'setting']
['attention', 'disappointment', 'embarrassment', 'harm', 'offence', 'reputation', 'shock']
['audience', 'crowd', 'reader', 'viewer']
['auditor', 'bishop', 'governor']
['australia', 'britain', 'england', 'europe', 'france', 'germany', 'iraq', 'ireland', 'israel', 'italy', 'scotland', 'spain']
['author', 'historian', 'poet', 'scholar', 'scientist', 'traveller', 'writer']
['authority', 'discretion', 'jurisdiction', 'monopoly', 'ownership', 'possession', 'rights']
['autumn', 'fall', 'spring', 'summer', 'winter']
['average', 'level', 'maximum', 'minimum', 'total']
['award', 'cross', 'gold', 'medal', 'prize', 'trophy']
['awareness', 'bias', 'consciousness', 'expression', 'gaze', 'hearing', 'imagination', 'memory', 'mind', 'perception', 'reality', 'reflection', 'senses', 'speech', 'thinking', 'understanding', 'vision']
['baby', 'body', 'coffin', 'corpse', 'creature', 'grave', 'remains', 'soul']
['back', 'bathroom', 'bedroom', 'cupboard', 'downstairs', 'home', 'kitchen', 'room']
['background', 'noise', 'pollution', 'smoke', 'sound']
['bacterium', 'cell', 'domain', 'gene', 'molecule', 'organism', 'protein', 'sequence', 'strand']
['baker', 'clarke', 'cook', 'corbett', 'ford', 'graham', 'howard', 'hunt', 'jackson', 'johnson', 'jones', 'kelly', 'miller', 'morgan', 'scott', 'smith', 'taylor', 'walker', 'williams', 'willie', 'wilson', 'wright']
['ball', 'belt', 'boot', 'glove', 'mask', 'ring', 'shoe']
['bank', 'cheque', 'credit', 'currency', 'debt', 'deposit', 'estate', 'insurance', 'investment', 'liability', 'loan', 'mortgage', 'payment', 'pension', 'property', 'rent', 'savings', 'stock']
['barrel', 'bottle', 'glass', 'pint', 'sign']
['barrier', 'device', 'function', 'mechanism', 'method', 'mode', 'procedure', 'process', 'stimulus', 'system', 'tactic', 'technique', 'tool']
['basis', 'criterion', 'directive', 'grounds', 'guideline', 'obligation', 'provision', 'requirement', 'standard']
['basket', 'bread', 'cake', 'carpet', 'cream', 'dish', 'gift', 'recipe', 'slice']
['bath', 'leeds', 'liverpool', 'oxford', 'wales']
['battle', 'fight', 'fighting', 'pursuit', 'struggle']
['beach', 'garden', 'lake', 'park', 'pond', 'pool', 'river', 'stream']
['beauty', 'comfort', 'dream', 'fortune', 'glory', 'happiness', 'hope', 'love', 'pleasure', 'pride', 'satisfaction', 'self', 'truth']
['beginning', 'dawn', 'middle', 'start']
['being']
['belief', 'doubt', 'fact', 'faith']
['bell', 'building', 'clock', 'square', 'tower']
['bench', 'brick', 'ceiling', 'deck', 'floor', 'front', 'pavement', 'roof', 'tile', 'wing']
['benjamin', 'david', 'jack', 'james', 'john', 'mark', 'patrick', 'richard', 'robert', 'thomas', 'tony']
['best', 'holder', 'round', 'second', 'winner']
['bike', 'carriage', 'lorry', 'motor', 'passenger', 'tank', 'taxi', 'train', 'truck']
['bill', 'decision', 'draft', 'initiative', 'petition', 'plan', 'policy', 'project', 'proposal', 'proposition', 'scheme', 'thesis']
['bird', 'fish', 'flower', 'tree']
['birth', 'rise', 'rose', 'spread']
['black', 'brown', 'green', 'white']
['blanket', 'candle', 'cigarette', 'flame', 'lamp', 'spell', 'torch']
['block', 'injunction', 'limit', 'limitation', 'regulation', 'restriction', 'sanction']
['blood', 'breast', 'chest', 'heart', 'left', 'mouth', 'stomach', 'throat']
['blow', 'clash', 'defeat', 'return', 'triumph', 'victory']
['board', 'commission', 'committee', 'council', 'tribunal']
['boat', 'craft', 'ship', 'vessel', 'yard']
['bomb', 'bullet', 'hole', 'needle', 'punch', 'shell', 'shot']
['bone', 'brain', 'mouse', 'muscle', 'nerve', 'stem']
['book', 'diary', 'essay', 'lecture', 'novel', 'poem', 'strip', 'volume']
['boom', 'fashion', 'pattern', 'phenomenon', 'recession', 'trend']
['border', 'boundary']
['bottom', 'remainder', 'rest', 'whole']
['bowl', 'challenge', 'champion', 'championship', 'title', 'tournament']
['branch', 'canal', 'line', 'rail', 'railway', 'station']
['brand', 'chain', 'maker', 'manufacturer', 'source', 'supplier', 'vendor']
['breach', 'comparison', 'conflict', 'consequence', 'contradiction', 'contrast', 'difference', 'distinction', 'relation']
['break', 'crack', 'lead', 'step', 'stop', 'tear']
['breakfast', 'dinner', 'host', 'lunch', 'meal']
['breath', 'flavour', 'scent', 'sight', 'smell', 'sweat', 'taste', 'touch']
['breeze', 'cloud', 'fire', 'mist', 'rain', 'snow', 'storm', 'sunlight', 'tide', 'waters', 'weather', 'wind']
['bridge', 'corridor', 'lane', 'road', 'route', 'street', 'trail', 'tunnel']
['brother', 'family', 'father', 'husband', 'lover']
['brow', 'cheek', 'chin', 'eyebrow', 'finger', 'forehead', 'hand', 'nail', 'spine', 'tongue', 'tooth', 'vein']
['brush', 'kick', 'stick']
['bucket', 'button', 'chip', 'container', 'disc', 'disk', 'flat', 'layer', 'lock', 'pack', 'patch', 'pillow', 'plate', 'pocket', 'slide', 'sofa', 'table', 'tape', 'tent', 'towel', 'tray', 'tube']
['bulk', 'majority', 'minority']
['bull', 'cattle', 'horse', 'lamb', 'rabbit', 'sheep']
['bush', 'clinton', 'washington']
['business', 'capital', 'education', 'finance', 'health', 'management', 'planning', 'portfolio', 'reform']
['buyer', 'consumer', 'customer', 'dealer', 'investor', 'owner', 'premium', 'publisher', 'purchaser', 'seller']
['cabinet', 'minister', 'prime']
['cable', 'channel', 'network', 'radio']
['camp', 'clinic', 'hospital', 'nurse', 'prison']
['campaign', 'invasion', 'occupation']
['cancer', 'condition', 'disease', 'illness', 'infection', 'virus']
['candidate', 'lawyer', 'politician']
['card', 'coin', 'item', 'object', 'parameter', 'piece', 'product']
['career', 'cycle', 'evolution', 'existence', 'history', 'life', 'lifespan', 'lifetime', 'period', 'range', 'schedule', 'survival']
['carrier', 'supply', 'traffic', 'transport']
['case', 'example', 'instance', 'occasion']
['castle', 'cathedral', 'chapel', 'church', 'hall', 'house', 'prayer', 'temple', 'terrace']
['catalogue', 'collection', 'collector']
['category', 'class', 'generation', 'grade']
['cause', 'defect', 'delay', 'failure', 'strain', 'weakness']
['caution', 'judgement', 'judgment', 'resolution', 'verdict']
['ceremony', 'concert', 'festival']
['certificate', 'final', 'promotion', 'qualification', 'training']
['chamber', 'guitar', 'instrument', 'organ', 'pipe']
['chance', 'necessity', 'option', 'possibility', 'potential', 'prospect', 'prospects']
['change', 'progress', 'shift', 'switch', 'turn']
['chaos', 'darkness', 'heaven', 'hell', 'rage', 'shadow', 'silence']
['character', 'position', 'role']
['charge', 'command', 'commander', 'control', 'headquarters', 'leadership']
['charity', 'foundation', 'fund', 'grant', 'trust']
['charles', 'edward', 'francis', 'george', 'henry', 'joseph', 'philip', 'william']
['charlie', 'harry', 'ruth']
['chart', 'entry', 'launch', 'release', 'tour']
['check', 'comment', 'complaint', 'opinion', 'remark', 'statement']
['chemical', 'compound']
['child', 'cousin', 'daughter', 'mother', 'parent', 'princess', 'sister', 'wife']
['circle', 'dimension', 'sphere']
['circuit', 'citizen', 'clerk', 'commissioner', 'constable', 'councillor', 'court', 'doctor', 'judge', 'magistrate', 'priest', 'solicitor']
['circumstance', 'conclusion', 'effect', 'fate', 'outcome', 'result']
['city', 'colony', 'community', 'county', 'port', 'settlement', 'town', 'village']
['cliff', 'hill', 'island', 'mountain', 'ridge', 'summit', 'valley']
['cloth', 'coat', 'fabric', 'fibre', 'furniture', 'garment']
['clothes', 'colour', 'dress', 'jacket', 'shirt', 'skirt', 'suit', 'trousers', 'uniform']
['club', 'conference', 'division', 'football', 'league']
['co-operation', 'joint', 'partnership', 'service', 'venture']
['coach', 'defender', 'forward', 'game', 'play', 'player', 'receiver', 'team']
['coal', 'grain', 'mine', 'waste']
['coast', 'gulf', 'ocean', 'shore']
['code', 'database', 'document', 'file', 'index', 'list', 'profile', 'register', 'software']
['collapse', 'destruction', 'killing', 'loss', 'removal']
['college', 'school', 'university']
['column', 'envelope', 'leaflet', 'sheet', 'sleeve']
['combination', 'finding', 'form', 'hint', 'kind', 'means', 'sort', 'type']
['communication', 'custom', 'filter', 'input', 'interface', 'language', 'link', 'menu', 'platform', 'processor', 'protocol']
['company', 'corp', 'corporation', 'firm', 'label', 'subsidiary']
['compensation', 'damage', 'damages', 'reward']
['competition', 'contest', 'event', 'incident', 'match', 'meeting', 'race']
['competitor', 'enemy', 'face', 'opponent', 'opposition', 'rival', 'supporter']
['complexity', 'constraint', 'detail', 'logic', 'uncertainty', 'variation']
['computer', 'innovation', 'laboratory', 'science', 'technology']
['concern', 'difficulty', 'dilemma', 'fault', 'issue', 'mess', 'obstacle', 'problem', 'question', 'situation', 'task', 'trouble']
['confidence', 'contempt', 'hostility', 'loyalty', 'respect', 'suspicion', 'sympathy', 'thanks']
['confusion', 'courage', 'curiosity', 'delight', 'emotion', 'enthusiasm', 'excitement', 'feeling', 'frustration', 'laughter', 'passion', 'sensation', 'tension', 'warmth']
['consensus', 'consideration', 'consultation', 'conversation', 'debate', 'dialogue', 'discourse', 'discussion', 'dispute', 'matter', 'negotiation', 'thread']
['conservative', 'democrat', 'labour', 'tory']
['constituency', 'election', 'seat', 'ward']
['contact', 'involvement', 'participation', 'presence']
['content', 'evidence', 'information', 'material', 'stuff']
['contents', 'focus', 'subject', 'topic']
['context', 'coverage', 'impact', 'importance', 'influence', 'popularity', 'scope', 'significance', 'success', 'validity', 'value']
['continent', 'earth', 'moon', 'planet', 'star', 'universe', 'world']
['controversy', 'criticism', 'scandal', 'speculation']
['conversion', 'isolation', 'recovery', 'separation', 'transformation', 'transition']
['copy', 'cover', 'date', 'paint', 'painting', 'photograph', 'picture', 'portrait', 'poster', 'specimen', 'statue']
['corner', 'curtain', 'door', 'doorway', 'entrance', 'gate', 'mirror', 'stair', 'wall', 'window']
['count', 'rating', 'score', 'wicket']
['couple', 'handful', 'mixture', 'plenty', 'variety']
['course', 'curriculum', 'program', 'programme', 'sport']
['crew', 'personnel', 'staff']
['crime', 'gang', 'murder']
['crop', 'export', 'import', 'production', 'trade', 'trading']
['current', 'future', 'official', 'past', 'present']
['dance', 'literature', 'music', 'poetry', 'verse']
['danger', 'fear', 'risk', 'threat', 'trap']
['datum', 'definition', 'description', 'explanation', 'glimpse', 'introduction', 'outline', 'representation', 'text']
['decade', 'hour', 'minute', 'month', 'quarter', 'seconds', 'session', 'times', 'week', 'weekend', 'year']
['democracy', 'freedom', 'independence', 'peace', 'revolution', 'spirit', 'union', 'unity']
['department', 'institute', 'office']
['depth', 'depths', 'distance', 'height', 'length', 'pace', 'peak', 'size', 'speed', 'temperature', 'weight']
['detective', 'ghost', 'killer', 'monster', 'stranger', 'thief']
['diet', 'food', 'meat']
['discipline', 'emphasis', 'experience', 'expert', 'expertise', 'insight', 'intelligence', 'interest', 'knowledge', 'profession', 'professional', 'skill', 'specialist']
['display', 'image']
['dose', 'interval', 'routine']
['drama', 'film', 'horror', 'motion', 'movie', 'television', 'video']
['draw', 'drawing']
['drive', 'let', 'move', 'pass', 'ride', 'stand', 'stretch', 'walk']
['driver', 'operator', 'rider']
['duke', 'emperor', 'king', 'kingdom', 'pope', 'prince', 'queen']
['dust', 'grass', 'nest', 'salt', 'sand', 'soil', 'stone', 'water', 'wood']
['earl', 'lady', 'lord']
['east', 'north', 'south', 'west']
['economy', 'enterprise', 'industry', 'market', 'sector']
['edition', 'model', 'version']
['electricity', 'emission', 'energy', 'fuel', 'heat', 'momentum', 'power']
['employee', 'farmer', 'miner', 'peasant', 'worker']
['employment', 'inequality', 'inflation', 'poverty', 'unemployment', 'welfare']
['engine', 'gear', 'leaf', 'shaft', 'wheel']
['episode', 'season', 'series', 'show']
['equipment', 'facility', 'field', 'goods', 'machine', 'machinery', 'supplies']
['error', 'joke', 'mistake', 'surprise']
['exhibition', 'gallery', 'library', 'museum', 'theatre']
['expedition', 'journey', 'mission', 'passage', 'trip', 'visit']
['factory', 'farm', 'mill', 'shop', 'store', 'workshop']
['fence', 'grip', 'hook', 'knot', 'ladder', 'lift', 'pole', 'rope', 'stitch', 'string', 'wire']
['flesh', 'hair', 'skin', 'tissue']
['flow', 'frequency', 'impulse', 'output', 'pulse', 'rhythm', 'signal', 'stroke', 'wave']
['fragment', 'questionnaire', 'sample', 'signature']
['gentleman', 'individual', 'offender', 'participant', 'patient', 'people', 'person', 'thing', 'user', 'victim', 'woman']
['girl', 'prisoner', 'soldier', 'teenager', 'youngster']
['glance', 'moment', 'point', 'time']
['goal', 'motive', 'objective', 'purpose']
['gorbachev', 'hitler', 'kinnock', 'marx', 'thatcher']
['grin', 'kiss', 'laugh', 'look', 'sigh', 'smile', 'watch']
['guest', 'holiday', 'ticket', 'tourist', 'visitor']
['half', 'pair']
['handle', 'hold', 'holding', 'offer', 'open', 'roll']
['head', 'horn', 'neck', 'nose', 'tail']
['headline', 'journal', 'magazine', 'mail', 'media', 'news', 'newspaper', 'paper', 'papers', 'post', 'press', 'print', 'publication']
['heap', 'pile']
['hero', 'mystery', 'myth', 'ritual', 'rumour', 'story', 'tale', 'tradition']
['honour', 'merit', 'virtue', 'warrant', 'worth']
['hundred', 'million', 'other', 'thousand']
['idea', 'impression', 'intention', 'plot', 'thought']
['inhabitant', 'living', 'resident']
['landing']
['lesson', 'master', 'practitioner', 'pupil', 'student', 'teacher', 'teaching']
['lewis']
['location', 'place', 'site', 'spot', 'target']
['london', 'moscow', 'paris', 'rome', 'york']
['major']
['meaning', 'name', 'phrase', 'root', 'symbol', 'term', 'theme', 'trick', 'word']
['medicine', 'surgery', 'treatment']
['metal', 'rock']
['module', 'package', 'space']
['note', 'notice', 'warning']
['panel']
['phase', 'screen', 'stage']
['police', 'policeman', 'security', 'volunteer']
['poll', 'referendum', 'vote', 'voter']
['rank', 'status']
['reading', 'script', 'work', 'writing']
['record', 'recording', 'studio']
['while', 'whilst']
['youth']
