['dollar', 'coin', 'dollar', 'penny']
['formula', 'compound', 'formula']
['pound', 'pound', 'tonne']
['quote', 'bible', 'content', 'contents', 'copy', 'detail', 'material', 'script', 'text']
['ability', 'commitment', 'contribution', 'courage', 'desire', 'determination', 'effort', 'loyalty', 'obligation', 'promise', 'respect', 'willingness']
['absence', 'acceptance', 'conversion', 'failure', 'lack', 'presence', 'refusal', 'rejection', 'removal', 'separation']
['abuse', 'discrimination', 'terror', 'violence']
['access', 'communication', 'contact', 'dialogue', 'identification', 'interaction', 'technology', 'telephone']
['accident', 'carriage', 'garage', 'lorry', 'truck']
['accommodation', 'building', 'complex', 'construction', 'facility', 'housing', 'structure', 'tower']
['account', 'article', 'category', 'discussion', 'entry', 'guideline', 'list', 'page', 'stuff', 'topic']
['accountant', 'auditor', 'clerk', 'councillor', 'lawyer', 'manager', 'resident', 'solicitor']
['accuracy', 'availability', 'level', 'quality', 'rating', 'resolution']
['achievement', 'attention', 'merit', 'promotion', 'recognition', 'status']
['acid', 'chemical', 'envelope', 'molecule', 'protein', 'reaction', 'strand']
['acquisition', 'adoption', 'allocation', 'application', 'assessment', 'compliance', 'core', 'evaluation', 'extension', 'framework', 'implementation', 'initiative', 'integration', 'preparation', 'program', 'project', 'specification']
['acre', 'cottage', 'family', 'farm', 'home', 'mill']
['action', 'activity', 'behaviour', 'exercise']
['actor', 'artist', 'dancer', 'designer', 'photographer', 'producer']
['adam', 'david', 'luke', 'mark', 'martin', 'michael', 'nigel', 'patrick', 'paul', 'peter', 'simon', 'stephen']
['addition', 'comparison', 'connection', 'contrast', 'equivalent', 'order', 'reference', 'relation', 'relative']
['address', 'answer', 'desk', 'question', 'reply', 'response', 'thanks']
['administration', 'authority', 'jurisdiction']
['admission', 'applicant', 'defendant', 'examination', 'individual', 'offender', 'plaintiff']
['adult', 'female', 'male']
['advance', 'battle', 'clash', 'defeat', 'fight', 'fighting', 'triumph', 'victory']
['advantage', 'attempt', 'chance', 'glimpse', 'incentive', 'moment', 'opportunity']
['advertisement', 'advertising', 'example', 'instance']
['advice', 'assistance', 'benefit', 'co-operation', 'consultation', 'guidance', 'help', 'intervention', 'protection', 'relief', 'support']
['adviser', 'agent', 'analyst', 'consultant', 'director', 'engineer', 'expert', 'guest', 'researcher', 'specialist']
['affair', 'conversation', 'friendship', 'interview', 'relationship']
['africa', 'america', 'australia', 'britain', 'continent', 'europe', 'iraq', 'italy', 'spain', 'spread']
['afternoon', 'evening', 'holiday', 'morning', 'night', 'schedule', 'weekend']
['agency', 'board', 'commission', 'committee', 'council', 'tribunal']
['agenda', 'belief', 'consciousness', 'democracy', 'discourse', 'doctrine', 'hierarchy', 'identity', 'ideology', 'marx', 'religion', 'stance', 'unity']
['agreement', 'alliance', 'arrangement', 'compromise', 'deal', 'negotiation', 'partnership', 'peace', 'treaty']
['aircraft', 'bike', 'engine', 'ford', 'gear', 'motor', 'tank', 'vehicle']
['airline', 'airport', 'passenger', 'rail', 'traffic', 'train', 'transport']
['alarm', 'clock', 'delay', 'frequency', 'input', 'packet', 'receiver', 'signal']
['album', 'band', 'chart', 'label', 'recording', 'release', 'song', 'studio', 'track']
['alcohol', 'drug', 'substance']
['alice', 'anna', 'diana', 'emily', 'helen', 'jane', 'kate', 'lady', 'laura', 'lily', 'lucy', 'maggie', 'rachel', 'robyn', 'rose', 'ruth', 'sarah', 'susan']
['allegation', 'argument', 'case', 'claim', 'complaint', 'objection', 'rumour']
['allowance', 'cash', 'cheque', 'compensation', 'dividend', 'offer', 'payment', 'premium', 'receipt', 'rent', 'reward', 'subsidy', 'ticket', 'transaction']
['ally', 'boss', 'colleague', 'companion', 'fellow', 'friend', 'lover', 'neighbour', 'partner']
['alternative', 'approach', 'experiment', 'method', 'objective', 'plan', 'scheme', 'solution', 'strategy', 'tactic', 'technique']
['ambassador', 'assistant', 'cabinet', 'chairman', 'chancellor', 'chief', 'commissioner', 'deputy', 'executive', 'governor', 'head', 'minister', 'ministry', 'office', 'official', 'president', 'prime', 'representative', 'secretary', 'spokesman', 'successor', 'treasury', 'trustee']
['ambition', 'dream', 'fortune', 'motive', 'passion', 'popularity', 'reputation', 'success', 'talent', 'wealth']
['amendment', 'clause', 'constitution', 'declaration', 'decree', 'directive', 'legislation', 'passage', 'policy', 'provision', 'reform', 'regulation', 'statute']
['american', 'english', 'french', 'german']
['amount', 'excess', 'fraction', 'majority', 'percentage', 'portion', 'proportion', 'sample']
['analysis', 'context', 'definition', 'description', 'explanation', 'interpretation', 'outline', 'perspective', 'validity', 'view']
['angel', 'heaven', 'hell']
['anger', 'crowd', 'disappointment', 'embarrassment', 'fear', 'frustration', 'guilt', 'hostility', 'panic', 'pride', 'rage', 'surprise', 'sympathy']
['angle', 'beam', 'emission', 'impulse', 'intensity', 'light', 'particle', 'pulse', 'wave']
['animal', 'human']
['ankle', 'bullet', 'chest', 'elbow', 'finger', 'foot', 'glove', 'hand', 'knee', 'neck', 'shoulder', 'sleeve', 'spine', 'tear', 'thigh', 'thumb', 'waist', 'wound', 'wrist']
['anne', 'blanche', 'caroline', 'elizabeth', 'isabel', 'marie', 'mary']
['anniversary', 'birthday', 'century', 'occasion']
['announcement', 'arrival', 'death', 'departure', 'replacement', 'resignation', 'retirement', 'withdrawal']
['anxiety', 'cause', 'defect', 'depression', 'disorder', 'pain', 'symptom', 'weakness']
['apartment', 'bathroom', 'bedroom', 'cupboard', 'door', 'downstairs', 'kitchen', 'room', 'sofa', 'window']
['appeal', 'contempt', 'conviction', 'offence', 'prosecution', 'suspicion', 'trial', 'verdict']
['appearance', 'concert', 'lifetime', 'performance', 'presentation', 'profile', 'reception']
['apple', 'beer', 'champagne', 'coffee', 'drink', 'flavour', 'fruit', 'juice', 'salt', 'seed', 'sugar', 'wine']
['appointment', 'invitation', 'petition', 'proposal', 'recommendation', 'request', 'suggestion']
['approval', 'consent', 'permission', 'privilege']
['april', 'february', 'june', 'march']
['architect', 'commentator', 'critic', 'historian', 'journalist', 'poet', 'politician', 'scholar', 'scientist', 'traveller', 'writer']
['architecture', 'design', 'fashion', 'style']
['area', 'countryside', 'region', 'zone']
['army', 'force', 'personnel', 'reserve', 'staff', 'unit', 'volunteer']
['array', 'range', 'scope', 'spectrum', 'variety']
['arrest', 'crime', 'gang', 'killer', 'killing', 'murder', 'suicide', 'victim', 'witness']
['arrow', 'blade', 'fist', 'knife', 'knight', 'spell', 'sword', 'torch', 'weapon']
['aspect', 'characteristic', 'component', 'element', 'factor', 'ingredient', 'item', 'object', 'source']
['assault', 'attack', 'enemy', 'raid', 'strike']
['assembly', 'constituency', 'convention', 'election', 'parliament', 'seat']
['asset', 'bank', 'bond', 'credit', 'deposit', 'exchange', 'investment', 'loan', 'mortgage', 'portfolio', 'savings', 'stock']
['association', 'centre', 'college', 'department', 'institute', 'institution', 'laboratory', 'society', 'university']
['assumption', 'circumstance', 'conclusion', 'contradiction', 'expectation', 'fact', 'implication', 'impression', 'sense', 'virtue']
['athelstan', 'duke', 'earl', 'emperor', 'lord', 'pope']
['atmosphere', 'curiosity', 'delight', 'emotion', 'enthusiasm', 'excitement', 'feeling', 'imagination', 'laughter', 'sensation', 'shock', 'warmth']
['attitude', 'bias', 'habit', 'shift', 'tendency', 'trend']
['attraction', 'base', 'location', 'place', 'point', 'position', 'present', 'remains', 'site', 'spot', 'target']
['audience', 'reader', 'viewer']
['author', 'developer', 'editor', 'magazine', 'print', 'publication', 'publisher']
['autumn', 'fall', 'spring', 'summer', 'winter']
['average', 'estimate', 'statistics', 'survey']
['award', 'champion', 'prize', 'trophy', 'winner']
['awareness', 'confidence', 'discipline', 'experience', 'expertise', 'information', 'insight', 'knowledge', 'skill', 'understanding']
['baby', 'girl', 'stranger', 'teenager', 'thief', 'woman']
['back', 'left', 'right']
['background', 'ideal', 'matter', 'observation', 'perception', 'reflection', 'representation', 'shape', 'sight', 'sphere', 'vision']
['bacterium', 'entity', 'inhabitant', 'insect', 'organism', 'species', 'virus']
['baker', 'bell', 'brown', 'clarke', 'cook', 'corbett', 'graham', 'grant', 'howard', 'hunt', 'jackson', 'johnson', 'jones', 'kelly', 'lewis', 'miller', 'morgan', 'mungo', 'scot', 'scott', 'smith', 'taylor', 'walker', 'ward', 'williams', 'wilson', 'wright']
['balance', 'capability', 'ease', 'effectiveness', 'efficiency', 'isolation', 'maintenance', 'stability', 'strength', 'survival']
['ball', 'basket', 'grip', 'heel', 'hook', 'knot', 'ladder', 'lift', 'pole', 'rope', 'shaft', 'stitch']
['barrel', 'bottle', 'bucket', 'container', 'heap', 'hole', 'pack', 'pile', 'pocket', 'pool', 'slide', 'stick', 'table', 'tray', 'wheel']
['barrier', 'bridge', 'canal', 'entrance', 'lock', 'railway', 'station', 'tunnel']
['basis', 'doubt', 'evidence', 'hint', 'plenty', 'proof', 'trace']
['bath', 'leeds', 'liverpool', 'london', 'oxford', 'york']
['battery', 'candle', 'cigarette', 'flame', 'lamp']
['beach', 'palm']
['beauty', 'comfort', 'freedom', 'glory', 'happiness', 'hope', 'instinct', 'life', 'love', 'mind', 'pleasure', 'pursuit', 'satisfaction', 'self', 'senses', 'sleep', 'truth']
['beginning', 'start', 'stop']
['being', 'hold', 'holding']
['belt', 'circle', 'ring']
['bench', 'circuit', 'court', 'judge', 'jury', 'justice', 'magistrate']
['benjamin', 'charles', 'edward', 'eliot', 'francis', 'george', 'harry', 'henry', 'james', 'john', 'joseph', 'philip', 'richard', 'robert', 'thomas', 'william']
['best', 'choice', 'option', 'preference', 'selection']
['bill', 'charlie', 'jack', 'tony', 'willie']
['bird', 'fish', 'nest', 'prey']
['birth', 'child', 'couple', 'cousin', 'daughter', 'marriage', 'wife']
['bishop', 'cathedral', 'chapel', 'christ', 'christian', 'church', 'jesus', 'mission', 'priest']
['black', 'clothes', 'collar', 'dress', 'jacket', 'shirt', 'skirt', 'suit', 'trousers', 'uniform', 'white']
['blanket', 'carpet', 'cloth', 'fabric', 'garment', 'paper', 'shoe', 'towel']
['block', 'caution', 'consensus', 'injunction', 'punishment', 'remedy', 'restriction', 'sanction', 'warrant']
['blood', 'bone', 'brain', 'cell', 'layer', 'limb', 'muscle', 'nerve', 'stem', 'tissue', 'vein']
['blow', 'kick', 'punch', 'roll', 'shot', 'trick']
['boat', 'carrier', 'craft', 'crew', 'fleet', 'ship', 'vessel', 'yard']
['body', 'coffin', 'corpse', 'fate', 'grave']
['bomb', 'explosion', 'missile']
['book', 'chapter', 'diary', 'essay', 'guide', 'leaflet', 'papers', 'strip']
['boom', 'closure', 'collapse', 'decline', 'destruction', 'rise']
['boot', 'device', 'disc', 'disk', 'drive', 'memory', 'mode', 'processor', 'tape']
['border', 'boundary']
['bottom', 'edge', 'front', 'margin', 'shelf', 'side', 'slope']
['bowl', 'challenge', 'championship', 'competition', 'conference', 'contest', 'event', 'game', 'match', 'qualification', 'round', 'title', 'tour', 'tournament']
['branch', 'line', 'post']
['brand', 'competitor', 'dealer', 'factory', 'furniture', 'machine', 'machinery', 'maker', 'manufacturer', 'supplier']
['breach', 'consequence', 'favour', 'outcome', 'part', 'result', 'succession']
['bread', 'cake', 'dish', 'grain', 'lamb', 'meat', 'milk', 'pint', 'potato', 'recipe', 'slice']
['break', 'draw', 'move', 'pass', 'ride', 'stand', 'stretch', 'walk']
['breakfast', 'dinner', 'lunch', 'meal']
['breast', 'cancer', 'disease', 'heart', 'illness', 'infection', 'stroke', 'surgery']
['breath', 'grin', 'kiss', 'laugh', 'sigh', 'smile', 'touch']
['breeze', 'tide']
['brick', 'ceiling', 'curtain', 'deck', 'doorway', 'floor', 'frame', 'glass', 'interior', 'roof', 'stair', 'tile', 'wall', 'wing']
['brother', 'father', 'husband', 'mother', 'parent', 'rival', 'sister']
['brow', 'cheek', 'chin', 'eyebrow', 'face', 'forehead', 'gaze', 'mask', 'nose', 'tail', 'throat', 'tongue']
['brush', 'flower', 'forest', 'grass', 'leaf', 'plant', 'tree', 'wood']
['budget', 'consumption', 'cost', 'deficit', 'demand', 'expenditure', 'expense', 'revenue', 'sector', 'spending', 'surplus', 'turnover']
['bulk', 'remainder', 'rest', 'whole']
['bull', 'horse', 'rider']
['burden', 'currency', 'debt', 'money', 'profit']
['bush', 'clinton', 'thatcher', 'washington']
['business', 'firm', 'investor', 'profession', 'venture']
['button', 'camera', 'card', 'display', 'menu', 'mouse', 'panel', 'screen', 'stage']
['buyer', 'creditor', 'employer', 'purchase', 'purchaser', 'sale', 'seller']
['cable', 'channel', 'network', 'radio']
['calculation', 'counter', 'datum', 'gain', 'increase', 'limit', 'maximum', 'measure', 'measurement', 'minimum', 'ratio', 'reduction', 'stimulus', 'test']
['call', 'letter', 'message', 'signature', 'talk', 'user', 'warning']
['camp', 'concentration', 'refugee']
['campaign', 'expedition', 'invasion', 'occupation', 'operation', 'troops']
['candidate', 'poll', 'proposition', 'referendum', 'vote', 'voter']
['capacity', 'handle', 'load', 'output', 'speed', 'weight']
['capital', 'colony', 'empire', 'independence', 'kingdom', 'nation', 'state', 'territory']
['captain', 'command', 'commander', 'constable', 'detective', 'inspector', 'major', 'officer', 'police', 'rank', 'sergeant']
['care', 'condition', 'patient', 'questionnaire', 'treatment']
['career', 'club', 'defender', 'football', 'play', 'professional', 'sport', 'youngster', 'youth']
['cast', 'character', 'feature', 'personality', 'role', 'theme']
['castle', 'garden', 'gate', 'hall', 'house', 'palace', 'theatre', 'villa']
['catalogue', 'collection', 'collector', 'cover', 'gallery', 'library', 'museum', 'piece', 'specimen']
['cattle', 'rabbit', 'sheep']
['ceremony', 'festival']
['certificate', 'curriculum', 'education', 'health', 'instruction', 'public', 'school', 'teaching', 'training', 'welfare']
['chain', 'hotel', 'restaurant', 'shop', 'store']
['chair', 'degree', 'doctor', 'history', 'lecture', 'medicine', 'philosophy', 'politics', 'science', 'study', 'thesis']
['chamber', 'composition', 'dance', 'music', 'record', 'rock', 'tune']
['change', 'difference', 'distinction', 'variation']
['chaos', 'darkness', 'dawn', 'depths', 'mist', 'shadow', 'silence']
['charge', 'control', 'duty', 'priority', 'purpose', 'responsibility', 'task']
['charity', 'finance', 'foundation', 'fund', 'trust']
['charter', 'concession', 'contract', 'lease', 'licence', 'monopoly', 'possession']
['check', 'link', 'links', 'look', 'search', 'watch']
['china', 'india', 'japan', 'kong', 'republic']
['chip', 'customer', 'product', 'vendor']
['citizen', 'figure', 'gentleman', 'hero', 'policeman', 'prisoner', 'servant', 'soldier']
['city', 'community', 'country', 'county', 'district', 'port', 'province', 'settlement', 'tourist', 'town', 'village']
['class', 'cluster', 'kind', 'medium', 'pattern', 'sort', 'standard', 'type']
['client', 'computer', 'custom', 'interface', 'module', 'package', 'platform', 'protocol', 'software', 'tool', 'video']
['cliff', 'green', 'hill', 'lane', 'mountain', 'park', 'pond', 'prospect', 'ridge']
['climate', 'weather']
['clinic', 'headquarters', 'hospital', 'nurse', 'prison']
['cloud', 'dust', 'rain', 'snow', 'storm', 'wind']
['coach', 'division', 'league', 'player', 'squad', 'team']
['coal', 'mine']
['coalition', 'faction', 'minority', 'opponent', 'opposition', 'party', 'protest', 'rebel', 'resistance']
['coast', 'gulf', 'island', 'ocean', 'shore']
['coat', 'cross', 'flag', 'seal', 'symbol']
['code', 'database', 'document', 'domain', 'file', 'format']
['colour', 'flesh', 'hair', 'nail', 'patch', 'shell', 'skin', 'stomach', 'sweat', 'tooth']
['column', 'mirror', 'observer', 'star']
['combination', 'form', 'mixture', 'other', 'pair']
['comment', 'joke', 'mistake', 'remark', 'statement', 'thread']
['company', 'corp', 'corporation', 'subsidiary']
['completion', 'creation', 'discovery', 'establishment', 'existence', 'formation', 'introduction', 'merger', 'setting']
['complexity', 'constraint', 'criterion', 'curve', 'equation', 'function', 'interval', 'limitation', 'norm', 'parameter', 'requirement', 'variable']
['concept', 'conception', 'evolution', 'hypothesis', 'idea', 'logic', 'model', 'notion', 'phenomenon', 'premise', 'principle', 'theory']
['concern', 'difficulty', 'dilemma', 'error', 'fault', 'issue', 'mess', 'obstacle', 'problem', 'trouble']
['conduct', 'interest', 'involvement', 'membership', 'participant', 'participation']
['conflict', 'confusion', 'controversy', 'criticism', 'debate', 'dispute', 'incident', 'publicity', 'scandal', 'speculation', 'uncertainty']
['congress', 'delegate', 'delegation', 'embassy']
['conservative', 'democrat', 'kinnock', 'labour', 'tory']
['consideration', 'enquiry', 'inquiry', 'investigation', 'proceedings', 'report']
['consumer', 'diet', 'equipment', 'food', 'goods', 'household', 'supplies', 'waste']
['corner', 'road', 'square', 'street', 'terrace']
['corridor', 'route', 'trail']
['count']
['course', 'field']
['coverage', 'headline', 'insider', 'media', 'news', 'newspaper', 'press', 'reporter', 'times']
['crack', 'drop', 'switch', 'turn']
['crash', 'flight', 'helicopter', 'operator', 'pilot', 'plane']
['cream']
['creature', 'monster']
['crisis', 'disaster', 'economy', 'recession', 'shortage', 'situation']
['crop', 'export', 'import', 'industry', 'market', 'production', 'trade', 'trading']
['crown', 'king', 'prince', 'princess', 'queen']
['culture', 'myth', 'ritual', 'tradition']
['current', 'future', 'past', 'prospects']
['cycle', 'generation', 'period', 'phase', 'step', 'transition']
['damage', 'damages', 'fire', 'harm', 'injury', 'loss']
['danger', 'extent', 'intention', 'necessity', 'possibility', 'potential', 'reason', 'risk', 'threat']
['date', 'decade', 'month', 'time', 'week', 'year']
['decision', 'discretion', 'faith', 'hearing', 'judgement', 'judgment', 'opinion']
['defence', 'guard', 'intelligence', 'joint', 'safety', 'security']
['delivery', 'distribution', 'inspection', 'mail', 'service', 'transfer']
['demonstration', 'race', 'rally']
['depth', 'distance', 'height', 'length', 'lifespan', 'size']
['development', 'environment', 'expansion', 'growth', 'improvement', 'innovation', 'management', 'planning', 'progress', 'recovery', 'research', 'transformation']
['dimension']
['direction', 'forward', 'path']
['dose', 'exposure', 'sensitivity', 'sunlight']
['draft', 'episode', 'season', 'wicket']
['drama', 'film', 'horror', 'movie', 'series', 'television']
['drawing', 'exhibition', 'landscape', 'paint', 'painting', 'portrait', 'work', 'workshop']
['driver', 'phone', 'taxi']
['earnings', 'employment', 'income', 'price', 'salary', 'wages']
['earth', 'horizon', 'moon', 'planet', 'space', 'universe']
['east', 'middle', 'north', 'south', 'west']
['edition', 'version', 'volume']
['effect', 'impact', 'influence', 'scale']
['electricity', 'energy', 'fuel', 'power', 'supply', 'water']
['emphasis', 'focus']
['employee', 'farmer', 'miner', 'peasant', 'worker']
['england', 'ireland', 'scotland', 'wales']
['enterprise', 'open', 'resource']
['estate', 'grounds', 'land', 'ownership', 'property', 'rights', 'stake']
['expression', 'gesture', 'gift', 'sign', 'speech']
['fence', 'fibre', 'metal', 'needle', 'pipe', 'plate', 'sheet', 'tube', 'wire']
['filter', 'noise', 'pollution', 'smoke', 'sound']
['final', 'opening', 'second']
['finding', 'reading', 'thinking', 'thought']
['flat', 'ground', 'pavement', 'sand', 'soil', 'stone', 'surface']
['flood', 'lake', 'mouth', 'river', 'stream', 'valley', 'waters']
['flow', 'heat', 'pressure', 'strain', 'stress', 'temperature', 'tension']
['fragment', 'gene', 'scene', 'sequence']
['france', 'paris', 'rome']
['germany', 'gorbachev', 'israel', 'moscow', 'russia', 'russian']
['ghost', 'secret']
['glance', 'paragraph', 'section', 'sentence']
['goal', 'penalty', 'score']
['gold', 'medal']
['government', 'hitler', 'regime', 'revolution', 'rule']
['grade', 'lesson', 'master', 'practitioner', 'pupil', 'student', 'teacher']
['group', 'organisation', 'organization']
['guitar', 'horn', 'instrument', 'lead', 'organ', 'rhythm', 'string']
['half', 'hour', 'inch', 'metre', 'mile', 'minute', 'quarter', 'seconds']
['handful', 'number', 'total']
['holder', 'landlord', 'owner', 'shareholder', 'tenant']
['honour', 'statue', 'temple']
['host', 'programme', 'reality', 'show']
['hundred', 'million', 'thousand']
['image', 'motion', 'photograph', 'picture', 'poster']
['importance', 'index', 'quantity', 'share', 'significance', 'value', 'worth']
['incidence', 'inequality', 'inflation', 'population', 'poverty', 'rate', 'unemployment']
['insurance', 'liability', 'pension']
['journal', 'review']
['journey', 'return', 'trip', 'visit', 'visitor']
['landing', 'launch']
['language', 'meaning', 'means', 'name', 'origin', 'phrase', 'root', 'term', 'word']
['leader', 'leadership', 'member', 'organiser', 'speaker', 'supporter']
['let', 'need', 'will', 'wish']
['literature', 'poem', 'poetry', 'verse', 'writing']
['living']
['manner', 'mood', 'pitch', 'tone', 'voice']
['mass', 'momentum', 'pace']
['mechanism', 'practice', 'procedure', 'process', 'routine', 'system']
['meeting', 'session']
['movement', 'struggle', 'union']
['mystery', 'novel', 'plot', 'story', 'tale', 'tragedy']
['nature', 'prayer', 'soul', 'spirit']
['note', 'notice', 'register']
['peak', 'summit']
['people', 'person', 'subject', 'thing']
['pillow', 'shelter', 'tent', 'trap']
['scent', 'smell', 'taste']
['while', 'whilst']
['world']
