['dollar', 'coin', 'currency', 'dollar']
['formula', 'equation', 'formula']
['pound', 'pound']
['quote', 'claim', 'comment', 'gesture', 'headline', 'joke', 'mistake', 'note', 'remark', 'report', 'statement']
['ability', 'attempt', 'commitment', 'courage', 'determination', 'effort', 'lack', 'refusal', 'tendency', 'willingness']
['absence', 'existence', 'life', 'lifespan', 'lifetime', 'nature', 'presence']
['abuse', 'attention', 'behaviour', 'bias', 'contempt', 'criticism', 'discrimination', 'hostility', 'loyalty', 'resistance', 'suspicion', 'sympathy', 'tension', 'violence']
['acceptance', 'acquisition', 'adoption', 'creation', 'establishment', 'implementation', 'introduction', 'rejection', 'removal', 'sale']
['access', 'link', 'links', 'reference']
['accident', 'crash', 'disaster', 'explosion', 'incident', 'scandal', 'tragedy']
['accommodation', 'allowance', 'compensation', 'credit', 'dividend', 'income', 'payment', 'pension', 'premium', 'salary', 'subsidy', 'wages']
['account', 'definition', 'description', 'explanation', 'name', 'outline', 'profile', 'representation', 'signature']
['accountant', 'agent', 'assistant', 'auditor', 'citizen', 'clerk', 'detective', 'doctor', 'lawyer', 'master', 'nurse', 'official', 'politician', 'professional', 'resident', 'servant', 'solicitor']
['accuracy', 'detail', 'ease', 'effectiveness', 'efficiency', 'quality', 'scope', 'speed', 'validity']
['achievement', 'career', 'personality', 'talent']
['acid', 'cell', 'compound', 'gene', 'molecule', 'particle', 'protein', 'strand', 'substance']
['acre', 'distance', 'inch', 'metre', 'mile']
['action', 'approach', 'attitude', 'opinion', 'perspective', 'position', 'stance', 'view']
['activity', 'contribution', 'intervention', 'involvement', 'membership', 'occupation', 'participation']
['actor', 'author', 'commentator', 'critic', 'editor', 'historian', 'journalist', 'poet', 'producer', 'reporter', 'writer']
['adam', 'benjamin', 'kelly', 'mungo', 'nigel', 'patrick', 'prime', 'robyn', 'scot', 'simon', 'willie']
['addition', 'comparison', 'connection', 'contradiction', 'contrast', 'relation']
['address', 'answer', 'post', 'reply', 'response']
['administration', 'cabinet', 'department', 'embassy', 'government', 'minister', 'ministry']
['admission', 'door', 'doorway', 'entrance', 'entry', 'gate', 'opening', 'passage', 'window']
['adult', 'female', 'male']
['advance', 'progress']
['advantage', 'defect', 'difficulty', 'dilemma', 'failure', 'fault', 'strength', 'weakness']
['advertisement', 'advertising', 'publicity']
['advice', 'assistance', 'guidance', 'help']
['adviser', 'candidate', 'host', 'insider', 'leader', 'organiser', 'participant', 'speaker', 'spokesman', 'supporter']
['affair', 'bond', 'friendship', 'interaction', 'marriage', 'relationship']
['africa', 'america', 'australia', 'china', 'europe', 'germany', 'india', 'iraq', 'israel', 'italy', 'japan', 'kong', 'russia', 'spain']
['afternoon', 'evening', 'morning', 'night']
['agency', 'authority', 'office', 'police']
['agenda', 'doctrine', 'faction', 'identity', 'ideology', 'leadership', 'philosophy', 'politics', 'regime', 'religion']
['agreement', 'arrangement', 'compromise', 'concession', 'consensus', 'consultation', 'contract', 'deal', 'negotiation', 'treaty']
['aircraft', 'bomb', 'missile', 'weapon']
['airline', 'brand', 'company', 'corp', 'corporation', 'firm', 'label', 'subsidiary']
['airport', 'base', 'building', 'camp', 'centre', 'clinic', 'complex', 'facility', 'headquarters', 'hospital', 'laboratory', 'location', 'prison', 'site', 'station', 'unit']
['alarm', 'anger', 'attraction', 'confidence', 'confusion', 'curiosity', 'emotion', 'enthusiasm', 'excitement', 'laughter', 'pride', 'rage', 'sensation']
['album', 'disc']
['alcohol', 'beer', 'blood', 'champagne', 'coffee', 'cream', 'drink', 'food', 'juice', 'meat', 'milk', 'potato', 'salt', 'sugar', 'sweat', 'wine']
['alice', 'anna', 'anne', 'blanche', 'caroline', 'charlie', 'diana', 'elizabeth', 'emily', 'harry', 'helen', 'isabel', 'jack', 'jane', 'kate', 'laura', 'lily', 'lucy', 'luke', 'maggie', 'marie', 'mary', 'rachel', 'ruth', 'sarah', 'susan', 'tony', 'will']
['allegation', 'fact', 'myth', 'rumour', 'speculation', 'truth']
['alliance', 'co-operation', 'coalition', 'partnership', 'venture']
['allocation', 'availability', 'distribution', 'regulation', 'succession']
['ally', 'colleague', 'companion', 'fellow', 'friend', 'partner', 'rival']
['alternative', 'appeal', 'argument', 'complaint', 'objection', 'opposition', 'protest', 'reaction', 'reason', 'thanks']
['ambassador', 'delegate', 'delegation', 'deputy', 'representative', 'volunteer']
['ambition', 'desire', 'dream', 'hope', 'instinct', 'love', 'need', 'passion', 'promise', 'wish']
['amendment', 'charter', 'clause', 'code', 'constitution', 'decree', 'legislation', 'statute']
['american', 'english', 'french', 'german', 'russian']
['amount', 'balance', 'bulk', 'excess', 'fraction', 'handful', 'majority', 'minority', 'percentage', 'population', 'proportion', 'quantity', 'share']
['analysis', 'conception', 'direction', 'expression', 'implication', 'interpretation', 'logic', 'reflection', 'version']
['analyst', 'consultant', 'expert', 'observer', 'practitioner', 'researcher', 'scholar', 'scientist', 'specialist']
['angel', 'christ', 'jesus']
['angle', 'corner', 'edge', 'horizon', 'margin', 'side']
['animal', 'bird', 'human', 'insect']
['ankle', 'back', 'elbow', 'finger', 'foot', 'joint', 'knee', 'limb', 'pitch', 'shoulder', 'thigh', 'thumb', 'tooth', 'wicket', 'wound', 'wrist']
['anniversary', 'birthday', 'date', 'occasion']
['announcement', 'appointment', 'discretion', 'invitation', 'recommendation', 'request', 'suggestion']
['anxiety', 'guilt', 'harm', 'pain', 'shock', 'sleep']
['apartment', 'bathroom', 'bedroom', 'cupboard', 'kitchen', 'room']
['appearance', 'delivery', 'demonstration', 'display', 'lecture', 'performance', 'preparation', 'presentation', 'reception', 'speech']
['apple', 'ball', 'basket', 'blanket', 'bowl', 'brush', 'bucket', 'cigarette', 'fist', 'hook', 'knife', 'knot', 'nail', 'paint', 'plate', 'pocket', 'seal', 'towel', 'trap']
['applicant', 'defendant', 'offender', 'patient', 'plaintiff', 'victim', 'voter', 'witness']
['application', 'battery', 'camera', 'chip', 'clock', 'device', 'disk', 'instrument', 'machine', 'tape', 'tool']
['approval', 'consent', 'consideration', 'permission', 'recognition']
['april', 'february', 'june', 'march']
['architect', 'artist', 'dancer', 'designer', 'developer', 'engineer', 'maker', 'manufacturer', 'photographer']
['architecture', 'bible', 'culture', 'language', 'literature', 'medicine', 'music', 'poetry', 'press', 'science']
['area', 'countryside', 'province', 'region', 'sector', 'valley', 'zone']
['army', 'fleet', 'force', 'guard', 'troops']
['array', 'combination', 'mixture', 'number', 'range', 'spectrum', 'variety']
['arrest', 'birth', 'death', 'fate', 'killing', 'resignation', 'retirement', 'suicide']
['arrival', 'completion', 'departure', 'discovery', 'launch', 'withdrawal']
['arrow', 'bullet', 'candle', 'horn', 'needle', 'pole']
['article', 'chapter', 'page', 'paragraph', 'section', 'sentence', 'text']
['aspect', 'characteristic', 'column', 'component', 'core', 'dimension', 'element', 'factor', 'ingredient', 'parameter', 'theme']
['assault', 'attack', 'invasion', 'landing', 'raid', 'strike']
['assembly', 'association', 'conference', 'congress', 'convention', 'league', 'meeting', 'rally', 'session', 'summit']
['assessment', 'calculation', 'datum', 'emission', 'equivalent', 'estimate', 'evaluation', 'interval', 'measure', 'measurement', 'observation', 'reduction', 'scale', 'survey']
['asset', 'enterprise', 'medium', 'resource', 'source']
['assumption', 'concept', 'idea', 'ideal', 'notion', 'premise']
['athelstan', 'charles', 'david', 'edward', 'francis', 'george', 'henry', 'james', 'john', 'joseph', 'mark', 'michael', 'paul', 'peter', 'philip', 'richard', 'robert', 'stephen', 'thomas', 'william']
['atmosphere', 'climate', 'context', 'environment', 'landscape', 'setting', 'situation', 'space']
['audience', 'crowd', 'public']
['autumn', 'fall', 'middle', 'spring', 'summer', 'winter']
['average', 'maximum', 'minimum', 'total']
['award', 'medal', 'prize', 'trophy']
['awareness', 'consciousness', 'feeling', 'imagination', 'impression', 'memory', 'perception', 'reality', 'sense', 'senses', 'understanding', 'vision']
['baby', 'child', 'daughter', 'sister']
['background', 'experience', 'expertise', 'insight', 'interest', 'knowledge', 'skill']
['bacterium', 'chemical', 'organism', 'species', 'virus']
['baker', 'bell', 'clarke', 'corbett', 'eliot', 'graham', 'howard', 'jackson', 'johnson', 'jones', 'lewis', 'miller', 'morgan', 'rose', 'scott', 'smith', 'taylor', 'walker', 'williams', 'wilson', 'wright']
['band', 'family', 'gang']
['bank', 'cash', 'debt', 'insurance', 'lease', 'licence', 'loan', 'monopoly', 'mortgage', 'rent', 'savings', 'stake']
['barrel', 'beam', 'blade', 'chamber', 'frame', 'gear', 'hole', 'ladder', 'pair', 'pipe', 'rope', 'shaft', 'slide', 'stair', 'tube', 'vein', 'wheel', 'wire']
['barrier', 'fence', 'obstacle', 'wall']
['basis', 'constraint', 'criterion', 'demand', 'guideline', 'limit', 'limitation', 'norm', 'provision', 'requirement', 'restriction', 'standard']
['bath', 'leeds', 'liverpool', 'oxford']
['battle', 'fight', 'fighting']
['beach', 'cliff', 'hall', 'hill', 'ridge', 'square', 'terrace', 'tower']
['beauty', 'colour', 'comfort', 'gaze', 'glory', 'happiness', 'mood', 'noise', 'pleasure', 'plenty', 'virtue', 'warmth']
['beginning', 'moment', 'point', 'scene', 'time', 'times']
['being', 'meaning', 'means']
['belief', 'faith']
['belt', 'boot', 'glove', 'gold', 'mask', 'ring', 'shoe', 'sleeve', 'sword']
['bench', 'jury', 'panel']
['benefit', 'gain', 'honour', 'incentive', 'reward']
['best']
['bike', 'carriage', 'engine', 'helicopter', 'lorry', 'motor', 'passenger', 'plane', 'tank', 'taxi', 'truck', 'vehicle', 'whilst']
['bill', 'decision', 'declaration', 'directive', 'draft', 'offer', 'petition', 'plan', 'proposal', 'proposition', 'resolution', 'script']
['bishop', 'commissioner', 'constable', 'councillor', 'court', 'judge', 'justice', 'magistrate', 'priest']
['black', 'brown', 'green', 'white']
['block', 'check', 'count', 'review', 'search', 'test', 'watch']
['blow', 'kick', 'pass', 'punch', 'shot', 'trick']
['board', 'commission', 'committee', 'council', 'tribunal']
['boat', 'carrier', 'craft', 'ship', 'vessel']
['body', 'brain', 'mind', 'muscle', 'nerve']
['bone', 'flesh', 'hair', 'skin', 'tissue']
['book', 'essay', 'novel', 'poem', 'story', 'tale', 'verse']
['boom', 'collapse', 'crisis', 'depression', 'recession', 'revolution', 'shortage']
['border', 'boundary']
['boss', 'employer', 'inhabitant', 'landlord', 'owner', 'tenant']
['bottle', 'couple', 'penny', 'pint', 'slice', 'tonne']
['bottom', 'breast', 'brow', 'cheek', 'chest', 'chin', 'eyebrow', 'face', 'forehead', 'front', 'grave', 'hand', 'head', 'heel', 'mouth', 'neck', 'nose', 'spine', 'stomach', 'tail', 'throat', 'tongue', 'waist']
['branch', 'half', 'part', 'portion', 'quarter', 'remainder', 'rest', 'stretch', 'whole']
['breach', 'break', 'crack', 'delay', 'draw', 'spell', 'start', 'tear', 'turn']
['bread', 'cake', 'diet', 'dish', 'recipe']
['breakfast', 'dinner', 'holiday', 'lunch', 'meal']
['breath', 'grin', 'kiss', 'laugh', 'let', 'sigh', 'smile', 'support', 'talk']
['breeze', 'dust', 'flood', 'rain', 'snow', 'storm', 'weather', 'wind']
['brick', 'glass', 'metal', 'stone', 'wood']
['bridge', 'canal', 'lane', 'railway', 'road', 'street', 'trail', 'tunnel']
['britain', 'england', 'france', 'ireland', 'kingdom', 'republic', 'scotland', 'wales']
['brother', 'cousin', 'neighbour', 'relative', 'successor']
['budget', 'consumption', 'cost', 'earnings', 'expenditure', 'expense', 'investment', 'profit', 'revenue', 'spending', 'surplus', 'waste']
['bull', 'horse', 'lamb', 'mouse', 'rabbit', 'sheep']
['burden', 'duty', 'liability', 'load', 'obligation', 'responsibility']
['bush', 'clinton', 'ford', 'martin', 'marx']
['business', 'garage', 'restaurant', 'shop', 'store', 'workshop']
['button', 'call', 'change', 'counter', 'drop', 'lock', 'move', 'shift', 'stick', 'stop', 'switch']
['buyer', 'client', 'consumer', 'creditor', 'customer', 'purchaser', 'seller', 'supplier', 'vendor', 'viewer']
['cable', 'mail', 'phone', 'telephone']
['campaign', 'planning', 'policy', 'prospects', 'scheme', 'solution', 'strategy', 'tactic']
['cancer', 'condition', 'disease', 'disorder', 'illness', 'infection', 'injury', 'stroke', 'surgery']
['capability', 'equipment', 'industry', 'innovation', 'machinery', 'software', 'technology']
['capacity', 'input', 'output', 'production']
['capital', 'colony', 'empire', 'jurisdiction', 'territory']
['captain', 'chief', 'commander', 'inspector', 'officer', 'pilot', 'policeman', 'sergeant', 'soldier']
['card', 'certificate', 'cheque', 'deposit', 'diary', 'gift', 'grant', 'questionnaire', 'receipt', 'secret', 'sign', 'ticket', 'transaction']
['care', 'health', 'housing', 'safety', 'security', 'survival', 'welfare']
['carpet', 'coffin', 'curtain', 'desk', 'downstairs', 'furniture', 'mirror', 'organ', 'pillow', 'shelf', 'sofa', 'table', 'tent', 'tray']
['case', 'example', 'instance', 'while']
['cast', 'crew', 'personnel', 'staff']
['castle', 'cottage', 'farm', 'flat', 'home', 'hotel', 'house', 'household', 'palace', 'shelter', 'villa']
['catalogue', 'collection', 'exhibition', 'gallery', 'library', 'museum', 'portfolio', 'volume']
['category', 'class', 'generation', 'grade']
['cathedral', 'chapel', 'church', 'temple']
['cattle', 'coal', 'crop', 'fibre', 'fruit', 'goods', 'grain', 'seed', 'stock']
['cause']
['caution', 'pressure', 'strain', 'stress']
['ceiling', 'deck', 'floor', 'interior', 'roof', 'wing']
['century', 'continent', 'country', 'nation', 'state']
['ceremony', 'concert', 'festival', 'ritual']
['chain', 'channel', 'circuit', 'cluster', 'network', 'service', 'system']
['chair', 'chairman', 'chancellor', 'director', 'executive', 'governor', 'manager', 'member', 'president', 'secretary', 'trustee']
['challenge', 'championship', 'competition', 'contest', 'event', 'final', 'game', 'match', 'open', 'qualification', 'race', 'round', 'season', 'tournament']
['champion', 'competitor', 'holder', 'title', 'winner']
['chance', 'opportunity', 'possibility', 'prospect']
['chaos', 'darkness', 'dawn', 'heaven', 'hell', 'mist', 'shadow', 'silence']
['character', 'corpse', 'creature', 'entity', 'figure', 'ghost', 'hero', 'killer', 'monster', 'stranger', 'thief']
['charge', 'command', 'control', 'grip', 'ownership', 'possession', 'rule']
['charity', 'group', 'institution', 'movement', 'organisation', 'organization', 'party', 'society', 'union']
['chart', 'database', 'document', 'file', 'index', 'list', 'register']
['choice', 'option', 'preference', 'selection']
['christian', 'conservative', 'democrat', 'labour', 'major', 'tory']
['circle', 'domain', 'sphere']
['circumstance', 'danger', 'risk', 'threat', 'trouble']
['city', 'community', 'port', 'settlement', 'town', 'village']
['clash', 'conflict', 'controversy', 'dispute', 'struggle']
['closure', 'conclusion', 'consequence', 'outcome', 'result']
['cloth', 'clothes', 'coat', 'collar', 'dress', 'flag', 'garment', 'jacket', 'shirt', 'skirt', 'suit', 'trousers', 'uniform']
['cloud', 'heap', 'mess', 'nest', 'pile']
['club', 'squad', 'team']
['coach', 'defender', 'driver', 'forward', 'player', 'receiver', 'rider', 'star']
['coast', 'gulf', 'island', 'ocean', 'shore', 'waters']
['collector', 'dealer', 'farmer', 'gentleman', 'miner', 'peasant', 'worker']
['college', 'school', 'university']
['communication', 'contact', 'conversation', 'debate', 'dialogue', 'discourse', 'discussion', 'interview', 'prayer', 'thread']
['complexity', 'exposure', 'intensity', 'ratio', 'respect', 'sensitivity', 'stability']
['compliance', 'conversion', 'extension', 'identification', 'integration', 'isolation', 'merger', 'recovery', 'reform', 'separation', 'transformation', 'unity']
['composition', 'contents', 'design', 'formation', 'framework', 'hierarchy', 'plot', 'sequence', 'shape', 'structure']
['computer', 'processor']
['concentration', 'frequency', 'incidence', 'rate', 'spread', 'symptom', 'temperature']
['concern', 'delight', 'disappointment', 'embarrassment', 'frustration', 'satisfaction', 'surprise']
['conduct', 'discipline', 'exercise', 'field', 'profession', 'pursuit', 'sport']
['constituency', 'county', 'district', 'division', 'seat', 'ward']
['construction', 'defence', 'improvement', 'maintenance', 'management', 'operation', 'protection', 'relief', 'replacement', 'traffic']
['container', 'envelope', 'leaflet', 'packet', 'sheet', 'shell']
['content', 'coverage', 'evidence', 'information', 'intelligence', 'material', 'research', 'statistics', 'stuff']
['conviction', 'injunction', 'judgement', 'judgment', 'order', 'remedy', 'sanction', 'verdict']
['cook', 'hunt']
['copy', 'form', 'fragment', 'remains', 'sample', 'specimen', 'trace']
['corridor', 'line', 'path', 'route']
['course', 'curriculum', 'experiment', 'initiative', 'package', 'program', 'programme', 'project', 'schedule', 'series', 'show']
['cover', 'drawing', 'painting', 'photograph', 'picture', 'portrait', 'poster', 'print']
['crime', 'drug', 'murder', 'offence']
['cross', 'drive', 'lift', 'ride', 'stand', 'walk']
['crown', 'duke', 'earl', 'emperor', 'king', 'knight', 'lord', 'pope']
['current', 'past', 'present', 'second']
['curve', 'function', 'slope']
['custom', 'habit', 'history', 'practice', 'style', 'tradition', 'trend']
['cycle', 'procedure', 'process', 'routine', 'task']
['damage', 'destruction', 'loss']
['damages', 'penalty', 'punishment', 'treatment']
['dance', 'play', 'roll']
['decade', 'month', 'week', 'weekend', 'year']
['decline', 'development', 'evolution', 'expansion', 'growth', 'increase', 'rise']
['defeat', 'triumph', 'victory']
['deficit', 'economy', 'inequality', 'inflation', 'pollution', 'poverty', 'price', 'tide', 'turnover', 'uncertainty', 'unemployment']
['degree', 'education', 'employment', 'instruction', 'teaching', 'training']
['democracy', 'freedom', 'independence', 'peace', 'privilege', 'rights']
['depth', 'depths', 'extent', 'height', 'length', 'level', 'peak', 'size', 'weight']
['difference', 'distinction', 'error', 'variation']
['dose', 'impulse', 'pulse', 'signal', 'stimulus', 'variable']
['doubt', 'fear', 'panic']
['drama', 'horror', 'mystery', 'terror']
['earth', 'moon', 'planet', 'universe', 'world']
['east', 'north', 'south', 'west']
['edition', 'journal', 'magazine', 'newspaper', 'promotion', 'publication', 'publisher', 'release']
['effect', 'impact', 'influence']
['election', 'parliament', 'poll', 'referendum', 'vote']
['electricity', 'energy', 'fuel', 'power', 'water']
['emphasis', 'focus', 'work']
['employee', 'pupil', 'student', 'teacher']
['enemy', 'opponent', 'rebel', 'target']
['enquiry', 'examination', 'inquiry', 'inspection', 'investigation', 'prosecution', 'study', 'trial']
['episode', 'film', 'movie', 'song', 'track', 'tune', 'video']
['estate', 'grounds', 'land', 'property']
['exchange', 'purchase', 'return', 'transfer', 'transition']
['expectation', 'goal', 'intention', 'motive', 'objective', 'purpose']
['expedition', 'flight', 'journey', 'mission', 'tour', 'trip', 'visit']
['export', 'finance', 'import', 'supplies', 'supply', 'transport']
['fabric', 'grass', 'ground', 'pavement', 'sand', 'soil', 'surface', 'tile']
['factory', 'mill', 'mine', 'plant', 'studio', 'yard']
['fashion', 'manner']
['father', 'husband', 'lover', 'mother', 'parent', 'wife']
['favour', 'popularity', 'reputation', 'success']
['feature', 'filter', 'format', 'interface', 'layer', 'menu', 'module', 'platform', 'protocol', 'specification']
['finding', 'hearing', 'reading']
['fire', 'flame', 'lamp', 'torch']
['fish', 'prey']
['flavour', 'scent', 'smell', 'smoke', 'sound', 'taste', 'touch']
['flow', 'pool', 'stream', 'string', 'wave']
['flower', 'leaf', 'palm', 'root', 'stem', 'tree']
['football', 'media', 'news', 'radio', 'television']
['forest', 'garden', 'park', 'theatre']
['fortune', 'money', 'treasury', 'wealth']
['foundation', 'fund', 'institute', 'trust']
['future', 'other', 'potential', 'worth']
['girl', 'prisoner', 'refugee', 'teenager', 'youngster', 'youth']
['glance', 'glimpse', 'hint', 'look', 'sight']
['gorbachev', 'hitler', 'kinnock', 'thatcher']
['guest', 'reader', 'tourist', 'traveller', 'visitor']
['guide', 'lead']
['guitar', 'rhythm', 'rock', 'tone', 'voice']
['handle', 'hold', 'holding']
['heart', 'self', 'soul', 'spirit']
['heat', 'light', 'sunlight']
['hour', 'minute', 'seconds']
['hundred', 'million', 'thousand']
['hypothesis', 'model', 'phenomenon', 'principle', 'proof', 'theory', 'thesis']
['image', 'statue', 'symbol']
['importance', 'necessity', 'origin', 'priority', 'role', 'significance', 'status', 'value']
['individual', 'people', 'person', 'place', 'subject', 'thing', 'user', 'woman']
['investor', 'operator', 'shareholder']
['issue', 'matter', 'problem', 'question', 'topic']
['item', 'object', 'piece', 'product']
['kind', 'sort', 'type']
['lady', 'prince', 'princess', 'queen']
['lake', 'mountain', 'pond', 'reserve', 'river']
['left', 'right']
['lesson', 'letter', 'message', 'notice', 'warning']
['living', 'record', 'recording', 'writing']
['london', 'moscow', 'paris', 'rome']
['market', 'trade', 'trading']
['mass', 'momentum', 'motion', 'pace']
['mechanism', 'method', 'mode', 'pattern', 'technique']
['merit', 'warrant']
['pack', 'patch', 'spot', 'stitch', 'strip']
['paper', 'papers', 'proceedings']
['period', 'phrase', 'term', 'word']
['phase', 'screen', 'stage', 'step']
['rail', 'train']
['rank', 'rating', 'score']
['thinking', 'thought']
['washington', 'york']
