['dollar', 'pound', 'acre', 'dollar', 'hour', 'hundred', 'inch', 'metre', 'mile', 'million', 'minute', 'pound', 'seconds', 'thousand', 'tonne', 'worth']
['formula', 'chemical', 'cluster', 'complex', 'compound', 'formula']
['quote', 'comment', 'complaint', 'gesture', 'glance', 'hint', 'invitation', 'letter', 'message', 'note', 'notice', 'post', 'reaction', 'reception', 'remark', 'reply', 'request', 'response', 'score', 'sign', 'speech', 'spell', 'statement', 'suggestion', 'vote', 'warning', 'wicket']
['ability', 'attempt', 'chance', 'commitment', 'contribution', 'desire', 'determination', 'intention', 'let', 'loyalty', 'need', 'opportunity', 'promise', 'refusal', 'surprise', 'tendency', 'thanks', 'will', 'willingness', 'wish']
['absence', 'addition', 'departure', 'excess', 'existence', 'favour', 'lack', 'past', 'possession', 'presence', 'removal', 'resignation', 'retirement', 'succession', 'withdrawal']
['abuse', 'accident', 'arrest', 'assault', 'conviction', 'crime', 'death', 'drug', 'gang', 'incident', 'killing', 'murder', 'offence', 'prosecution', 'punishment', 'scandal', 'suicide', 'terror', 'trial', 'violence']
['acceptance', 'acquisition', 'admission', 'adoption', 'application', 'arrival', 'birth', 'closure', 'completion', 'conversion', 'creation', 'discovery', 'entry', 'establishment', 'evolution', 'formation', 'identification', 'implementation', 'integration', 'introduction', 'membership', 'opening', 'ownership', 'promotion', 'recognition', 'rejection', 'release', 'selection']
['access', 'check', 'connection', 'guide', 'interface', 'link', 'links', 'reference', 'source']
['accommodation', 'business', 'care', 'education', 'finance', 'health', 'housing', 'life', 'management', 'professional', 'public', 'safety', 'security', 'welfare', 'youth']
['account', 'analysis', 'assessment', 'conduct', 'enquiry', 'examination', 'hearing', 'inquiry', 'inspection', 'investigation', 'proceedings', 'questionnaire', 'receipt', 'report', 'review', 'survey']
['accountant', 'agent', 'auditor', 'clerk', 'employee', 'engineer', 'farmer', 'inspector', 'judge', 'lawyer', 'magistrate', 'miner', 'nurse', 'officer', 'practitioner', 'profession', 'servant', 'solicitor', 'teacher', 'worker']
['accuracy', 'achievement', 'availability', 'balance', 'capability', 'complexity', 'compliance', 'ease', 'effectiveness', 'efficiency', 'expense', 'future', 'impact', 'importance', 'increase', 'merit', 'performance', 'potential', 'progress', 'prospects', 'quality', 'rating', 'reduction', 'relative', 'sensitivity', 'stability', 'strength', 'survival', 'validity', 'value', 'weight']
['acid', 'bacterium', 'cell', 'gene', 'infection', 'molecule', 'organism', 'protein', 'seed', 'species', 'specimen', 'strain', 'virus']
['action', 'amendment', 'appeal', 'decree', 'directive', 'injunction', 'legislation', 'licence', 'monopoly', 'order', 'petition', 'remedy', 'resolution', 'sanction', 'statute', 'warrant']
['activity', 'advantage', 'aspect', 'characteristic', 'combination', 'component', 'dimension', 'element', 'example', 'expression', 'factor', 'feature', 'form', 'glimpse', 'ingredient', 'inhabitant', 'instance', 'kind', 'means', 'moment', 'occasion', 'part', 'point', 'role', 'sort', 'supporter', 'symbol', 'type', 'variation', 'version']
['actor', 'architect', 'artist', 'author', 'critic', 'designer', 'editor', 'historian', 'journalist', 'photographer', 'poet', 'politician', 'producer', 'researcher', 'scholar', 'scientist', 'writer']
['adam', 'athelstan', 'benjamin', 'bill', 'charles', 'david', 'edward', 'eliot', 'francis', 'george', 'graham', 'harry', 'henry', 'jack', 'james', 'john', 'joseph', 'luke', 'mark', 'martin', 'michael', 'mungo', 'nigel', 'patrick', 'paul', 'peter', 'philip', 'richard', 'robert', 'simon', 'stephen', 'thomas', 'tony', 'william', 'willie']
['address', 'advance', 'answer', 'estimate', 'explanation', 'play', 'present', 'trick']
['administration', 'cabinet', 'constitution', 'embassy', 'government', 'hierarchy', 'leadership', 'ministry', 'occupation', 'prime', 'regime', 'republic', 'rule', 'treasury']
['adult', 'animal', 'bird', 'creature', 'crop', 'fish', 'flower', 'grass', 'horse', 'human', 'insect', 'monster', 'mouse', 'plant', 'prey', 'rabbit', 'tree']
['advertisement', 'advertising', 'buyer', 'collector', 'competitor', 'consumer', 'customer', 'dealer', 'developer', 'employer', 'export', 'household', 'import', 'insider', 'investor', 'item', 'landlord', 'market', 'operator', 'owner', 'premium', 'purchase', 'purchaser', 'sale', 'seller', 'shareholder', 'supplier', 'tenant', 'ticket', 'vendor']
['advice', 'approval', 'assistance', 'attention', 'comfort', 'command', 'control', 'defence', 'guidance', 'help', 'improvement', 'information', 'input', 'intelligence', 'intervention', 'other', 'participation', 'permission', 'protection', 'refugee', 'relief', 'resistance', 'service', 'shelter', 'support', 'volunteer']
['adviser', 'analyst', 'coach', 'commentator', 'consultant', 'expert', 'guest', 'interview', 'personality', 'reporter', 'spokesman']
['affair', 'bond', 'career', 'clash', 'comparison', 'conflict', 'contact', 'contract', 'contradiction', 'contrast', 'deal', 'friendship', 'interaction', 'involvement', 'marriage', 'partnership', 'relation', 'relationship', 'struggle']
['africa', 'america', 'american', 'china', 'french', 'german', 'india', 'japan', 'kong', 'moscow', 'russia', 'russian']
['afternoon', 'birthday', 'breakfast', 'dinner', 'dish', 'evening', 'headline', 'holiday', 'home', 'host', 'lunch', 'meal', 'menu', 'morning', 'news', 'night', 'restaurant', 'schedule', 'weekend']
['agency', 'alliance', 'association', 'centre', 'charity', 'club', 'coalition', 'department', 'division', 'entity', 'faction', 'group', 'institute', 'institution', 'league', 'movement', 'network', 'organisation', 'organization', 'sector', 'society', 'union', 'unit']
['agenda', 'campaign', 'demonstration', 'effort', 'exhibition', 'experiment', 'foundation', 'fund', 'initiative', 'open', 'operation', 'plan', 'program', 'programme', 'project', 'scheme', 'summit', 'venture', 'workshop']
['agreement', 'co-operation', 'compromise', 'consultation', 'dispute', 'fighting', 'joint', 'meeting', 'merger', 'negotiation', 'secret', 'trade', 'trading', 'transaction', 'treaty']
['aircraft', 'arrow', 'battery', 'bomb', 'bullet', 'carrier', 'craft', 'enemy', 'engine', 'fire', 'force', 'helicopter', 'knife', 'landing', 'launch', 'machine', 'missile', 'ship', 'sword', 'tank', 'target', 'vehicle', 'vessel', 'weapon']
['airline', 'airport', 'bike', 'boat', 'carriage', 'container', 'lorry', 'mail', 'motor', 'passenger', 'phone', 'rail', 'railway', 'taxi', 'telephone', 'tourist', 'traffic', 'train', 'transport', 'truck']
['alarm', 'channel', 'circuit', 'clock', 'field', 'light', 'packet', 'radio', 'receiver', 'signal', 'sound', 'station', 'weather']
['album', 'band', 'chart', 'label', 'music', 'record', 'recording', 'rock', 'song', 'studio']
['alcohol', 'apple', 'basket', 'beer', 'bottle', 'bread', 'cake', 'candle', 'champagne', 'cigarette', 'coffee', 'cream', 'diet', 'drink', 'food', 'fruit', 'juice', 'lamb', 'meat', 'milk', 'palm', 'pint', 'potato', 'recipe', 'salt', 'sugar', 'wine']
['alice', 'anna', 'anne', 'blanche', 'caroline', 'charlie', 'diana', 'elizabeth', 'emily', 'helen', 'isabel', 'jane', 'kate', 'laura', 'lily', 'lucy', 'maggie', 'marie', 'mary', 'penny', 'rachel', 'robyn', 'ruth', 'sarah', 'susan']
['allegation', 'assumption', 'case', 'charge', 'claim', 'concept', 'conclusion', 'consequence', 'effect', 'evidence', 'expectation', 'fact', 'fate', 'goal', 'hypothesis', 'idea', 'implication', 'impression', 'notion', 'objective', 'outcome', 'possibility', 'premise', 'proof', 'purpose', 'result']
['allocation', 'composition', 'construction', 'delivery', 'development', 'evaluation', 'exchange', 'exercise', 'maintenance', 'planning', 'preparation', 'presentation', 'production', 'pursuit', 'qualification', 'recovery', 'replacement', 'search', 'study', 'test', 'treatment']
['allowance', 'asset', 'budget', 'compensation', 'debt', 'dividend', 'earnings', 'employment', 'estate', 'expenditure', 'income', 'insurance', 'investment', 'liability', 'mortgage', 'payment', 'pension', 'portfolio', 'property', 'rent', 'revenue', 'salary', 'savings', 'spending', 'subsidy', 'wages', 'wealth']
['ally', 'brother', 'colleague', 'companion', 'cousin', 'daughter', 'family', 'father', 'fellow', 'friend', 'husband', 'lover', 'mother', 'neighbour', 'partner', 'pupil', 'rival', 'sister', 'successor', 'wife']
['alternative', 'approach', 'attitude', 'behaviour', 'direction', 'environment', 'fashion', 'focus', 'interpretation', 'manner', 'nature', 'observation', 'perception', 'perspective', 'position', 'practice', 'stance', 'strategy', 'style', 'thinking', 'view', 'vision']
['ambassador', 'assistant', 'bishop', 'captain', 'chair', 'chairman', 'chancellor', 'chief', 'commander', 'commissioner', 'councillor', 'delegate', 'deputy', 'director', 'executive', 'governor', 'headquarters', 'leader', 'manager', 'member', 'minister', 'organiser', 'president', 'representative', 'resident', 'secretary', 'speaker', 'trustee']
['ambition', 'awareness', 'confidence', 'courage', 'curiosity', 'emphasis', 'enthusiasm', 'experience', 'expertise', 'faith', 'happiness', 'hope', 'imagination', 'influence', 'insight', 'instinct', 'interest', 'knowledge', 'love', 'passion', 'pleasure', 'popularity', 'reputation', 'respect', 'satisfaction', 'skill', 'spirit', 'success', 'sympathy', 'talent', 'understanding', 'virtue', 'warmth']
['amount', 'array', 'bulk', 'class', 'couple', 'fraction', 'handful', 'heap', 'list', 'majority', 'mixture', 'number', 'pair', 'percentage', 'pile', 'population', 'proportion', 'quantity', 'rank', 'register', 'sample', 'share', 'total', 'variety', 'volume']
['angel', 'chaos', 'cloud', 'darkness', 'dawn', 'dust', 'earth', 'flame', 'glory', 'heaven', 'hell', 'mist', 'moon', 'rain', 'rose', 'shadow', 'silence', 'smoke', 'snow', 'storm', 'sunlight', 'universe']
['anger', 'anxiety', 'confusion', 'contempt', 'delight', 'embarrassment', 'emotion', 'excitement', 'fear', 'feeling', 'frustration', 'guilt', 'hostility', 'laughter', 'mood', 'panic', 'pride', 'rage', 'sleep']
['angle', 'average', 'beam', 'delay', 'dose', 'emission', 'frequency', 'impulse', 'intensity', 'interval', 'load', 'medium', 'momentum', 'noise', 'output', 'pace', 'particle', 'peak', 'pitch', 'pulse', 'rate', 'ratio', 'spectrum', 'speed', 'temperature', 'wave', 'wind']
['ankle', 'blade', 'breast', 'brow', 'brush', 'cheek', 'chest', 'chin', 'elbow', 'eyebrow', 'face', 'finger', 'fist', 'foot', 'forehead', 'grip', 'hand', 'head', 'heel', 'hook', 'knee', 'limb', 'mouth', 'nail', 'neck', 'nose', 'pillow', 'pocket', 'shoulder', 'spine', 'stomach', 'tail', 'thigh', 'throat', 'thumb', 'tongue', 'tooth', 'waist', 'wound', 'wrist']
['anniversary', 'bath', 'castle', 'cathedral', 'ceremony', 'chapel', 'church', 'circle', 'coffin', 'coin', 'crown', 'figure', 'flag', 'grave', 'honour', 'image', 'medal', 'palace', 'photograph', 'place', 'portrait', 'remains', 'seal', 'square', 'statue', 'temple', 'torch', 'tower', 'villa']
['announcement', 'appointment', 'choice', 'consent', 'decision', 'declaration', 'judgement', 'judgment', 'opinion', 'policy', 'proposal', 'proposition', 'recommendation', 'verdict']
['apartment', 'bathroom', 'bedroom', 'cupboard', 'curtain', 'desk', 'door', 'doorway', 'downstairs', 'entrance', 'garage', 'gate', 'kitchen', 'mirror', 'room', 'seat', 'shop', 'sofa', 'stair', 'tent', 'window', 'yard']
['appearance', 'background', 'beauty', 'breeze', 'colour', 'flavour', 'gaze', 'grin', 'habit', 'laugh', 'look', 'meaning', 'name', 'punch', 'reflection', 'rhythm', 'root', 'scent', 'sensation', 'sense', 'senses', 'shape', 'sigh', 'sight', 'slice', 'smell', 'smile', 'taste', 'tone', 'touch', 'voice']
['applicant', 'candidate', 'client', 'creditor', 'defendant', 'driver', 'holder', 'individual', 'offender', 'official', 'opponent', 'parent', 'participant', 'patient', 'plaintiff', 'player', 'reader', 'student', 'subject', 'user', 'victim', 'viewer', 'visitor', 'voter', 'witness']
['april', 'autumn', 'february', 'june', 'march', 'spring', 'summer', 'winter']
['architecture', 'bible', 'christian', 'conception', 'culture', 'degree', 'doctrine', 'english', 'history', 'ideology', 'language', 'literature', 'logic', 'marx', 'medicine', 'philosophy', 'poetry', 'politics', 'religion', 'science', 'theory', 'thesis', 'thought', 'writing']
['area', 'army', 'border', 'capital', 'city', 'colony', 'community', 'constituency', 'country', 'countryside', 'county', 'district', 'empire', 'kingdom', 'land', 'nation', 'province', 'region', 'settlement', 'site', 'state', 'territory', 'town', 'troops', 'village']
['argument', 'article', 'consensus', 'content', 'controversy', 'conversation', 'criticism', 'debate', 'dialogue', 'discourse', 'discussion', 'joke', 'matter', 'page', 'poll', 'speculation', 'stuff', 'talk', 'thread', 'topic']
['arrangement', 'calculation', 'curve', 'cycle', 'datum', 'device', 'equation', 'filter', 'format', 'framework', 'function', 'index', 'instrument', 'measure', 'measurement', 'mechanism', 'method', 'mode', 'model', 'module', 'organ', 'package', 'parameter', 'pattern', 'phase', 'platform', 'procedure', 'process', 'protocol', 'sequence', 'solution', 'specification', 'stimulus', 'structure', 'system', 'tactic', 'technique', 'tool', 'variable']
['assembly', 'authority', 'board', 'chamber', 'chapter', 'charter', 'commission', 'committee', 'conference', 'congress', 'convention', 'council', 'court', 'delegation', 'election', 'jury', 'panel', 'parliament', 'referendum', 'tribunal']
['atmosphere', 'barrier', 'base', 'boundary', 'core', 'envelope', 'flow', 'ground', 'layer', 'mass', 'object', 'plane', 'plate', 'shell', 'slope', 'soil', 'sphere', 'surface']
['attack', 'expedition', 'flight', 'journey', 'living', 'mission', 'raid', 'return', 'ride', 'tour', 'trip', 'visit', 'walk', 'work']
['attraction', 'caution', 'concern', 'consideration', 'disappointment', 'doubt', 'objection', 'priority', 'responsibility', 'suspicion']
['audience', 'cast', 'crew', 'crowd', 'fleet', 'personnel', 'pilot', 'routine', 'squad', 'staff', 'team', 'while', 'whilst']
['australia', 'britain', 'england', 'europe', 'france', 'germany', 'ireland', 'italy', 'leeds', 'liverpool', 'london', 'oxford', 'paris', 'rome', 'scotland', 'spain', 'wales', 'york']
['award', 'bowl', 'challenge', 'champion', 'championship', 'competition', 'concert', 'contest', 'event', 'festival', 'final', 'football', 'game', 'match', 'prize', 'race', 'rally', 'session', 'sport', 'title', 'tournament', 'trophy', 'winner']
['baby', 'child', 'citizen', 'dancer', 'female', 'gentleman', 'girl', 'male', 'peasant', 'people', 'person', 'rider', 'stranger', 'teenager', 'woman', 'youngster']
['back', 'beginning', 'best', 'bottom', 'corner', 'edge', 'front', 'left', 'level', 'middle', 'prospect', 'remainder', 'rest', 'right', 'round', 'second', 'side', 'spot', 'stage', 'start', 'table', 'tide', 'whole']
['baker', 'bell', 'brown', 'clarke', 'clinton', 'cook', 'corbett', 'ford', 'howard', 'hunt', 'jackson', 'johnson', 'jones', 'kelly', 'kinnock', 'lewis', 'miller', 'morgan', 'scot', 'scott', 'smith', 'taylor', 'thatcher', 'walker', 'ward', 'washington', 'williams', 'wilson', 'wright']
['ball', 'boot', 'bucket', 'button', 'camera', 'card', 'chip', 'disc', 'disk', 'display', 'file', 'forward', 'gear', 'guitar', 'horn', 'memory', 'pack', 'roll', 'screen', 'sheet', 'signature', 'slide', 'stick', 'tape', 'tray', 'wheel']
['bank', 'brand', 'company', 'corp', 'corporation', 'factory', 'firm', 'maker', 'manufacturer', 'subsidiary', 'trust']
['barrel', 'cable', 'chain', 'fence', 'fibre', 'knot', 'ladder', 'lamp', 'metal', 'needle', 'pipe', 'pole', 'ring', 'rope', 'shaft', 'stitch', 'strand', 'string', 'tube', 'wire']
['basis', 'burden', 'category', 'certificate', 'clause', 'code', 'concession', 'constraint', 'criterion', 'distinction', 'duty', 'equivalent', 'grounds', 'guideline', 'ideal', 'limit', 'limitation', 'minimum', 'necessity', 'norm', 'obligation', 'option', 'penalty', 'preference', 'principle', 'privilege', 'provision', 'regulation', 'requirement', 'restriction', 'standard', 'status', 'term']
['battle', 'century', 'date', 'decade', 'generation', 'half', 'lifetime', 'month', 'period', 'quarter', 'season', 'time', 'times', 'week', 'year']
['beach', 'bridge', 'camp', 'canal', 'cliff', 'cottage', 'farm', 'forest', 'garden', 'hill', 'hole', 'lake', 'lane', 'mill', 'mountain', 'nest', 'park', 'pond', 'pool', 'reserve', 'ridge', 'river', 'road', 'sand', 'street', 'terrace', 'tunnel', 'valley']
['being', 'draw', 'drawing', 'holding', 'painting', 'reading', 'setting']
['belief', 'christ', 'consciousness', 'identity', 'jesus', 'mystery', 'myth', 'origin', 'phenomenon', 'prayer', 'ritual', 'rumour', 'tradition', 'tragedy', 'truth']
['belt', 'black', 'blanket', 'carpet', 'cloth', 'clothes', 'coat', 'collar', 'dress', 'fabric', 'garment', 'glove', 'green', 'hair', 'jacket', 'mask', 'paint', 'patch', 'shirt', 'shoe', 'skirt', 'sleeve', 'suit', 'towel', 'trousers', 'uniform', 'white']
['bench', 'brick', 'building', 'ceiling', 'cover', 'cross', 'deck', 'flat', 'floor', 'frame', 'furniture', 'glass', 'interior', 'leaf', 'pavement', 'roof', 'stone', 'tile', 'wall', 'wing', 'wood']
['benefit', 'cash', 'cheque', 'cost', 'credit', 'fortune', 'gain', 'gift', 'grant', 'incentive', 'lease', 'loan', 'money', 'offer', 'profit', 'publicity', 'reward', 'stake']
['bias', 'breach', 'circumstance', 'danger', 'difference', 'difficulty', 'dilemma', 'error', 'fault', 'finding', 'issue', 'mess', 'mistake', 'motive', 'obstacle', 'problem', 'question', 'reason', 'situation', 'task', 'thing', 'threat', 'trouble']
['block', 'blow', 'break', 'call', 'change', 'counter', 'crack', 'drop', 'fight', 'handle', 'hold', 'kick', 'kiss', 'lead', 'lift', 'lock', 'move', 'shift', 'stand', 'step', 'stop', 'strike', 'switch', 'tear', 'transfer', 'transition', 'trap', 'turn', 'watch']
['blood', 'body', 'bone', 'brain', 'breath', 'corpse', 'flesh', 'heart', 'material', 'mind', 'self', 'skin', 'soul', 'stem', 'substance', 'sweat', 'tissue']
['book', 'character', 'column', 'diary', 'document', 'essay', 'fragment', 'leaflet', 'novel', 'paragraph', 'phrase', 'piece', 'plot', 'poem', 'script', 'sentence', 'story', 'tale', 'text', 'theme', 'tune', 'verse', 'word']
['boom', 'climate', 'consumption', 'crisis', 'currency', 'deficit', 'demand', 'depression', 'economy', 'flood', 'growth', 'inequality', 'inflation', 'pollution', 'poverty', 'price', 'recession', 'shortage', 'trend', 'turnover', 'uncertainty', 'unemployment']
['boss', 'bull', 'constable', 'defender', 'detective', 'doctor', 'ghost', 'guard', 'hero', 'killer', 'major', 'master', 'observer', 'police', 'policeman', 'priest', 'prison', 'prisoner', 'rebel', 'sergeant', 'shot', 'soldier', 'thief', 'traveller']
['branch', 'corridor', 'course', 'drive', 'extension', 'line', 'location', 'margin', 'pass', 'passage', 'path', 'port', 'portion', 'route', 'section', 'spread', 'stream', 'stretch', 'strip', 'trace', 'track', 'trail']
['bush', 'gulf', 'hitler', 'iraq', 'israel']
['cancer', 'cause', 'condition', 'defect', 'disease', 'disorder', 'illness', 'incidence', 'injury', 'muscle', 'nerve', 'pain', 'risk', 'stroke', 'surgery', 'symptom', 'vein', 'weakness']
['capacity', 'depth', 'depths', 'distance', 'height', 'length', 'lifespan', 'maximum', 'size']
['catalogue', 'clinic', 'collection', 'college', 'gallery', 'hall', 'hospital', 'hotel', 'house', 'lecture', 'library', 'museum', 'office', 'school', 'store', 'theatre', 'university']
['cattle', 'coal', 'deposit', 'electricity', 'energy', 'fuel', 'gold', 'goods', 'grain', 'mine', 'power', 'sheep', 'stock', 'supplies', 'supply', 'surplus', 'waste', 'water']
['coast', 'continent', 'east', 'horizon', 'island', 'landscape', 'north', 'ocean', 'planet', 'shelf', 'shore', 'south', 'waters', 'west', 'world', 'zone']
['collapse', 'crash', 'damage', 'damages', 'decline', 'defeat', 'destruction', 'disaster', 'expansion', 'explosion', 'failure', 'fall', 'harm', 'invasion', 'loss', 'rise', 'shock', 'transformation', 'triumph', 'victory']
['communication', 'computer', 'custom', 'database', 'design', 'enterprise', 'equipment', 'facility', 'industry', 'innovation', 'laboratory', 'machinery', 'processor', 'product', 'research', 'resource', 'software', 'space', 'specialist', 'technology']
['concentration', 'discrimination', 'exposure', 'heat', 'isolation', 'pressure', 'separation', 'stress', 'tension']
['conservative', 'democracy', 'democrat', 'freedom', 'gorbachev', 'independence', 'justice', 'labour', 'minority', 'opposition', 'party', 'peace', 'protest', 'reform', 'revolution', 'rights', 'tory', 'unity']
['contents', 'context', 'coverage', 'current', 'definition', 'description', 'detail', 'discretion', 'distribution', 'domain', 'extent', 'jurisdiction', 'outline', 'plenty', 'profile', 'range', 'representation', 'scale', 'scope', 'significance', 'statistics']
['copy', 'edition', 'journal', 'magazine', 'media', 'newspaper', 'paper', 'papers', 'press', 'print', 'publication', 'publisher']
['count', 'duke', 'earl', 'emperor', 'king', 'knight', 'lady', 'lord', 'pope', 'prince', 'princess', 'queen']
['curriculum', 'discipline', 'grade', 'instruction', 'lesson', 'teaching', 'training']
['dance', 'draft', 'drama', 'dream', 'episode', 'film', 'horror', 'motion', 'movie', 'picture', 'poster', 'reality', 'scene', 'series', 'show', 'star', 'television', 'video']
