['dollar', 'admission', 'allowance', 'bond', 'card', 'cash', 'certificate', 'cheque', 'coin', 'compensation', 'concession', 'contract', 'credit', 'currency', 'deposit', 'dollar', 'exchange', 'gift', 'lease', 'licence', 'loan', 'mail', 'membership', 'money', 'offer', 'payment', 'premium', 'purchase', 'receipt', 'register', 'rent', 'reward', 'sale', 'subsidy', 'ticket', 'transaction', 'transfer']
['formula', 'bike', 'bull', 'circuit', 'crash', 'driver', 'formula', 'horse', 'pace', 'pole', 'race', 'rally', 'rider', 'taxi']
['pound', 'acre', 'half', 'hundred', 'mile', 'million', 'past', 'pound', 'thousand', 'tonne']
['quote', 'advertisement', 'article', 'code', 'column', 'content', 'contents', 'copy', 'description', 'detail', 'document', 'domain', 'format', 'image', 'information', 'item', 'link', 'links', 'list', 'material', 'name', 'outline', 'paragraph', 'parameter', 'photograph', 'phrase', 'print', 'reader', 'reference', 'script', 'signature', 'source', 'stuff', 'text', 'tone', 'word']
['ability', 'awareness', 'belief', 'conception', 'consciousness', 'discipline', 'experience', 'expertise', 'faith', 'identity', 'imagination', 'instinct', 'knowledge', 'mind', 'nature', 'perception', 'personality', 'reality', 'self', 'sense', 'senses', 'skill', 'talent', 'thinking', 'thought', 'truth', 'understanding', 'virtue', 'vision']
['absence', 'acceptance', 'adoption', 'being', 'conversion', 'death', 'delay', 'departure', 'destruction', 'failure', 'favour', 'lack', 'marriage', 'refusal', 'rejection', 'removal', 'replacement', 'resignation', 'result', 'retirement', 'return', 'separation', 'succession', 'withdrawal']
['abuse', 'assault', 'breach', 'charge', 'crime', 'discrimination', 'drug', 'incident', 'murder', 'offence', 'offender', 'penalty', 'possession', 'punishment', 'scandal', 'suicide', 'suspicion', 'victim', 'violence', 'warrant']
['access', 'entrance', 'entry', 'gate', 'open', 'passage', 'present', 'seal', 'visitor']
['accident', 'diary', 'disaster', 'explosion', 'fate', 'grave', 'hero', 'mystery', 'myth', 'plot', 'poem', 'sigh', 'story', 'tale', 'terror', 'tragedy', 'triumph']
['accommodation', 'apartment', 'baby', 'bathroom', 'bedroom', 'coffin', 'cupboard', 'downstairs', 'garage', 'home', 'kitchen', 'lunch', 'restaurant', 'room', 'sofa', 'tent']
['account', 'agenda', 'background', 'bias', 'context', 'criticism', 'discourse', 'ideology', 'insight', 'interpretation', 'meaning', 'opinion', 'perspective', 'stance', 'view']
['accountant', 'agent', 'auditor', 'clerk', 'commissioner', 'constable', 'councillor', 'delegate', 'governor', 'inspector', 'judge', 'magistrate', 'manager', 'representative', 'solicitor', 'treasury', 'trustee', 'york']
['accuracy', 'availability', 'balance', 'capability', 'change', 'comfort', 'complexity', 'control', 'determination', 'ease', 'effectiveness', 'efficiency', 'gain', 'isolation', 'momentum', 'prospects', 'quality', 'recovery', 'relative', 'resistance', 'sensitivity', 'stability', 'strength', 'survival', 'tension', 'transition']
['achievement', 'attention', 'distinction', 'emphasis', 'existence', 'extent', 'focus', 'impact', 'importance', 'influence', 'merit', 'popularity', 'presence', 'priority', 'recognition', 'reputation', 'scale', 'scope', 'significance', 'status', 'subject', 'success', 'validity', 'value']
['acid', 'alcohol', 'chemical', 'compound', 'concentration', 'ingredient', 'mixture', 'molecule', 'protein', 'reaction', 'salt', 'substance']
['acquisition', 'addition', 'announcement', 'arrival', 'beginning', 'closure', 'collapse', 'completion', 'construction', 'creation', 'discovery', 'establishment', 'expansion', 'formation', 'introduction', 'launch', 'merger', 'opening', 'operation']
['action', 'attack', 'battle', 'campaign', 'clash', 'defeat', 'enemy', 'fight', 'fighting', 'invasion', 'protest', 'raid', 'rebel', 'strike', 'struggle', 'victory']
['activity', 'advance', 'commitment', 'connection', 'contact', 'contribution', 'effort', 'interest', 'involvement', 'participant', 'participation', 'progress', 'pursuit', 'relation', 'role', 'secret', 'work']
['actor', 'american', 'analyst', 'architect', 'artist', 'author', 'commentator', 'consultant', 'critic', 'dancer', 'designer', 'editor', 'engineer', 'expert', 'figure', 'historian', 'journalist', 'lawyer', 'photographer', 'poet', 'politician', 'producer', 'publisher', 'researcher', 'scholar', 'scientist', 'writer']
['adam', 'benjamin', 'birth', 'french', 'joseph']
['address', 'answer', 'block', 'call', 'comment', 'desk', 'invitation', 'letter', 'message', 'note', 'notice', 'page', 'proposal', 'recommendation', 'remark', 'reply', 'report', 'request', 'response', 'sign', 'statement', 'suggestion', 'thanks', 'user', 'vote', 'warning']
['administration', 'care', 'education', 'employment', 'health', 'housing', 'insurance', 'promotion', 'public', 'safety', 'sector', 'security', 'service', 'welfare']
['adult', 'animal', 'bird', 'cattle', 'diet', 'fish', 'hunt', 'insect', 'nest', 'prey', 'rabbit', 'scent', 'sheep', 'species']
['advantage', 'attempt', 'chance', 'choice', 'deal', 'glance', 'glimpse', 'incentive', 'laugh', 'lead', 'let', 'moment', 'need', 'opportunity', 'option', 'place', 'potential', 'promise', 'prospect', 'step', 'will', 'wish']
['advertising', 'cable', 'channel', 'coverage', 'headline', 'host', 'insider', 'interview', 'magazine', 'media', 'network', 'news', 'newspaper', 'observer', 'press', 'programme', 'radio', 'reporter', 'show']
['advice', 'approval', 'assistance', 'benefit', 'co-operation', 'consent', 'consultation', 'future', 'grant', 'guidance', 'guide', 'help', 'intervention', 'permission', 'protection', 'relief', 'shelter', 'support']
['adviser', 'ambassador', 'appointment', 'assistant', 'cabinet', 'chair', 'chairman', 'chancellor', 'chief', 'committee', 'council', 'deputy', 'director', 'executive', 'finance', 'head', 'justice', 'minister', 'ministry', 'office', 'organiser', 'position', 'post', 'president', 'prime', 'secretary', 'speaker', 'spokesman']
['affair', 'conflict', 'confusion', 'controversy', 'conversation', 'debate', 'dialogue', 'discussion', 'dispute', 'interaction', 'joke', 'mess', 'negotiation', 'relationship', 'thread']
['africa', 'america', 'australia', 'britain', 'china', 'england', 'europe', 'france', 'germany', 'india', 'ireland', 'italy', 'japan', 'kingdom', 'kong', 'moscow', 'paris', 'rome', 'russia', 'scotland', 'spain', 'wales']
['afternoon', 'decade', 'evening', 'month', 'morning', 'night', 'occasion', 'period', 'quarter', 'schedule', 'session', 'time', 'times', 'week', 'weekend', 'year']
['agency', 'airline', 'authority', 'bank', 'board', 'commission', 'company', 'corp', 'corporation', 'entity', 'firm', 'holding', 'joint', 'monopoly', 'operator', 'ownership', 'parent', 'partnership', 'stake', 'stock', 'subsidiary', 'trust', 'venture']
['agreement', 'alliance', 'amendment', 'assembly', 'charter', 'clause', 'congress', 'constitution', 'convention', 'declaration', 'decree', 'delegation', 'democracy', 'directive', 'draft', 'freedom', 'government', 'independence', 'initiative', 'jurisdiction', 'legislation', 'movement', 'parliament', 'peace', 'petition', 'policy', 'referendum', 'reform', 'resolution', 'rights', 'rule', 'statute', 'treaty', 'union', 'unity']
['aircraft', 'battery', 'boat', 'bomb', 'carriage', 'carrier', 'craft', 'engine', 'gear', 'helicopter', 'landing', 'lorry', 'missile', 'motor', 'passenger', 'plane', 'ship', 'tank', 'train', 'truck', 'vehicle', 'vessel', 'weapon', 'wheel']
['airport', 'area', 'capital', 'city', 'colony', 'community', 'country', 'countryside', 'county', 'district', 'forest', 'island', 'land', 'landscape', 'nation', 'part', 'people', 'population', 'port', 'province', 'region', 'remains', 'settlement', 'state', 'territory', 'tourist', 'town', 'village', 'zone']
['alarm', 'arrow', 'candle', 'dawn', 'fire', 'flag', 'flame', 'gold', 'horizon', 'lamp', 'light', 'ring', 'smoke', 'star', 'sword', 'torch']
['album', 'alternative', 'band', 'chart', 'group', 'label', 'metal', 'music', 'record', 'recording', 'rock', 'studio']
['alice', 'anna', 'anne', 'blanche', 'caroline', 'daughter', 'diana', 'elizabeth', 'emily', 'helen', 'isabel', 'jane', 'kate', 'lady', 'laura', 'lily', 'lucy', 'maggie', 'marie', 'mary', 'penny', 'princess', 'rachel', 'robyn', 'ruth', 'sarah', 'susan', 'wife']
['allegation', 'assumption', 'claim', 'conclusion', 'contradiction', 'doubt', 'evidence', 'expectation', 'explanation', 'fact', 'finding', 'hint', 'hypothesis', 'idea', 'implication', 'impression', 'notion', 'possibility', 'premise', 'proof', 'proposition', 'rumour', 'speculation', 'trace']
['allocation', 'analysis', 'assessment', 'compliance', 'conduct', 'enquiry', 'evaluation', 'examination', 'exercise', 'identification', 'implementation', 'improvement', 'individual', 'inquiry', 'inspection', 'intelligence', 'investigation', 'measurement', 'preparation', 'program', 'project', 'questionnaire', 'regulation', 'review', 'routine', 'search', 'selection', 'statistics', 'survey', 'test', 'training']
['ally', 'boss', 'brother', 'colleague', 'companion', 'cousin', 'family', 'father', 'fellow', 'friend', 'friendship', 'honour', 'husband', 'life', 'lifetime', 'lover', 'mother', 'neighbour', 'partner', 'portrait', 'pupil', 'rival', 'sister', 'successor', 'supporter']
['ambition', 'anger', 'attitude', 'beauty', 'confidence', 'contempt', 'courage', 'curiosity', 'delight', 'desire', 'disappointment', 'embarrassment', 'emotion', 'enthusiasm', 'excitement', 'fear', 'feeling', 'frustration', 'gesture', 'guilt', 'happiness', 'hope', 'hostility', 'laughter', 'love', 'loyalty', 'passion', 'pleasure', 'publicity', 'respect', 'satisfaction', 'silence', 'surprise', 'sympathy', 'trouble', 'warmth', 'willingness']
['amount', 'average', 'capacity', 'dose', 'equivalent', 'estimate', 'excess', 'increase', 'index', 'interval', 'lifespan', 'limit', 'maximum', 'measure', 'minimum', 'quantity', 'rate', 'rating', 'ratio', 'total']
['angel', 'chaos', 'corpse', 'creature', 'darkness', 'dream', 'earth', 'flesh', 'ghost', 'glory', 'heaven', 'hell', 'killer', 'kiss', 'monster', 'moon', 'planet', 'rage', 'shadow', 'soul', 'spirit', 'universe']
['angle', 'datum', 'depth', 'depths', 'distance', 'height', 'inch', 'length', 'level', 'metre', 'profile', 'shape', 'size', 'speed', 'weight']
['ankle', 'belt', 'bullet', 'coat', 'collar', 'elbow', 'face', 'finger', 'fist', 'foot', 'glove', 'grin', 'grip', 'hand', 'heel', 'jacket', 'knee', 'knife', 'left', 'mask', 'opponent', 'patch', 'pocket', 'right', 'shirt', 'shoulder', 'skirt', 'sleeve', 'tear', 'thigh', 'thumb', 'trousers', 'uniform', 'waist', 'wrist']
['anniversary', 'book', 'catalogue', 'century', 'chapter', 'collection', 'cover', 'date', 'disc', 'edition', 'leaflet', 'official', 'papers', 'proceedings', 'publication', 'release', 'verse', 'version', 'volume']
['anxiety', 'breath', 'cause', 'condition', 'damage', 'defect', 'depression', 'disease', 'disorder', 'exposure', 'harm', 'heart', 'illness', 'injury', 'loss', 'mood', 'pain', 'panic', 'patient', 'sensation', 'shock', 'sleep', 'strain', 'stress', 'stroke', 'surgery', 'symptom', 'treatment', 'weakness']
['appeal', 'arrest', 'bench', 'conviction', 'court', 'decision', 'hearing', 'injunction', 'judgement', 'judgment', 'jury', 'prison', 'prosecution', 'sentence', 'trial', 'tribunal', 'verdict']
['appearance', 'audience', 'birthday', 'ceremony', 'concert', 'dance', 'demonstration', 'dinner', 'exhibition', 'guest', 'holiday', 'lecture', 'meeting', 'performance', 'prayer', 'presentation', 'reception', 'speech', 'stage', 'theatre', 'tour', 'visit']
['apple', 'application', 'chip', 'client', 'computer', 'core', 'custom', 'database', 'device', 'disk', 'file', 'interface', 'layer', 'memory', 'mode', 'module', 'package', 'packet', 'phone', 'platform', 'processor', 'protocol', 'software', 'specification']
['applicant', 'buyer', 'creditor', 'damages', 'defendant', 'employee', 'employer', 'holder', 'liability', 'person', 'plaintiff', 'purchaser', 'suit', 'voter', 'witness']
['approach', 'arrangement', 'calculation', 'comparison', 'complex', 'concept', 'constraint', 'definition', 'equation', 'evolution', 'experiment', 'expression', 'factor', 'framework', 'function', 'logic', 'manner', 'means', 'mechanism', 'method', 'model', 'pattern', 'phenomenon', 'plan', 'principle', 'procedure', 'process', 'scheme', 'solution', 'strategy', 'structure', 'style', 'system', 'tactic', 'technique', 'term', 'theory', 'tool', 'transformation']
['april', 'february', 'june', 'march']
['architecture', 'bible', 'christian', 'culture', 'curriculum', 'degree', 'drawing', 'english', 'essay', 'history', 'instruction', 'language', 'lesson', 'literature', 'marx', 'medicine', 'painting', 'philosophy', 'poetry', 'politics', 'practice', 'profession', 'reading', 'religion', 'science', 'study', 'teaching', 'thesis', 'tradition', 'writing']
['argument', 'behaviour', 'case', 'circumstance', 'complaint', 'compromise', 'concern', 'consensus', 'consideration', 'criterion', 'difference', 'dilemma', 'error', 'guideline', 'issue', 'matter', 'mistake', 'objection', 'outcome', 'problem', 'question', 'reason', 'remedy', 'restriction', 'sanction', 'situation', 'thing', 'topic']
['army', 'captain', 'command', 'commander', 'defence', 'fleet', 'force', 'guard', 'headquarters', 'officer', 'personnel', 'pilot', 'police', 'prisoner', 'rank', 'reserve', 'sergeant', 'staff', 'troops', 'unit', 'volunteer']
['array', 'current', 'display', 'emission', 'envelope', 'filter', 'frequency', 'generation', 'impulse', 'input', 'intensity', 'load', 'noise', 'output', 'pulse', 'receiver', 'sample', 'shift', 'signal', 'sound', 'stimulus', 'variable', 'wave']
['aspect', 'category', 'characteristic', 'class', 'cluster', 'combination', 'component', 'element', 'example', 'form', 'fragment', 'instance', 'kind', 'medium', 'origin', 'phase', 'piece', 'sort', 'standard', 'symbol', 'target', 'type', 'variation']
['asset', 'budget', 'cost', 'debt', 'dividend', 'earnings', 'expenditure', 'expense', 'fortune', 'fund', 'household', 'income', 'investment', 'mortgage', 'pension', 'portfolio', 'price', 'profit', 'property', 'revenue', 'salary', 'savings', 'share', 'spending', 'surplus', 'tenant', 'wages', 'wealth', 'worth']
['association', 'branch', 'centre', 'charity', 'clinic', 'college', 'department', 'facility', 'foundation', 'hospital', 'institute', 'institution', 'journal', 'laboratory', 'library', 'museum', 'organisation', 'organization', 'school', 'society', 'university']
['athelstan', 'bishop', 'cathedral', 'christ', 'church', 'count', 'crown', 'duke', 'earl', 'emperor', 'jesus', 'king', 'lord', 'pope', 'priest', 'prince', 'queen']
['atmosphere', 'beam', 'camera', 'colour', 'contrast', 'curve', 'dimension', 'direction', 'effect', 'gaze', 'mass', 'mirror', 'object', 'observation', 'particle', 'reflection', 'representation', 'sight', 'space', 'spectrum', 'sphere', 'viewer']
['attraction', 'character', 'episode', 'sequence', 'song', 'theme', 'tune']
['autumn', 'black', 'breeze', 'cloud', 'dust', 'fall', 'mist', 'rain', 'sand', 'snow', 'spring', 'storm', 'tide', 'waters', 'weather', 'white', 'wind', 'winter']
['award', 'festival', 'medal', 'pride', 'prize', 'scene', 'summer', 'workshop']
['back', 'ball', 'basket', 'blanket', 'boot', 'brush', 'bucket', 'crack', 'draw', 'forward', 'heap', 'hole', 'hook', 'kick', 'knot', 'mouse', 'move', 'pack', 'pile', 'pillow', 'punch', 'roll', 'slide', 'smile', 'spell', 'start', 'stick', 'stitch', 'stop', 'switch', 'tape', 'touch', 'trap', 'tray', 'trick', 'turn']
['bacterium', 'blood', 'body', 'bone', 'brain', 'breast', 'cancer', 'cell', 'gene', 'human', 'infection', 'muscle', 'nerve', 'organism', 'specimen', 'stem', 'stomach', 'sweat', 'tissue', 'virus']
['baker', 'bell', 'brown', 'clarke', 'clinton', 'cook', 'corbett', 'ford', 'graham', 'howard', 'jackson', 'johnson', 'jones', 'kelly', 'lewis', 'miller', 'morgan', 'scott', 'smith', 'taylor', 'walker', 'washington', 'williams', 'wilson', 'wright']
['barrel', 'brick', 'ceiling', 'curtain', 'deck', 'fence', 'flat', 'floor', 'frame', 'glass', 'interior', 'pavement', 'plate', 'roof', 'shaft', 'sheet', 'shell', 'stair', 'stone', 'tile', 'tube', 'wall', 'wing', 'wire']
['barrier', 'circle', 'course', 'drive', 'extension', 'grade', 'journey', 'margin', 'pass', 'path', 'point', 'portion', 'range', 'rest', 'section', 'stretch', 'strip', 'track', 'trip', 'walk']
['base', 'bush', 'field', 'ground', 'grounds', 'pitch', 'spot', 'while', 'whilst']
['basis', 'burden', 'caution', 'consequence', 'counter', 'danger', 'difficulty', 'discretion', 'doctrine', 'duty', 'habit', 'hierarchy', 'ideal', 'intention', 'limitation', 'motive', 'necessity', 'norm', 'objective', 'obligation', 'obstacle', 'order', 'preference', 'privilege', 'provision', 'purpose', 'remainder', 'requirement', 'responsibility', 'ritual', 'setting', 'task', 'tendency', 'threat', 'whole']
['bath', 'beach', 'building', 'camp', 'castle', 'chapel', 'corner', 'cottage', 'estate', 'farm', 'gallery', 'hall', 'hill', 'hotel', 'house', 'lane', 'location', 'mill', 'palace', 'park', 'pond', 'pool', 'site', 'square', 'statue', 'strand', 'street', 'temple', 'terrace', 'tower', 'villa', 'yard']
['beer', 'bottle', 'bread', 'breakfast', 'cake', 'champagne', 'coffee', 'cream', 'crop', 'dish', 'drink', 'flavour', 'food', 'fruit', 'grain', 'juice', 'lamb', 'meal', 'meat', 'milk', 'pint', 'potato', 'recipe', 'slice', 'smell', 'sugar', 'taste', 'wine']
['best', 'drama', 'feature', 'film', 'horror', 'motion', 'movie', 'novel', 'picture', 'poster', 'series', 'shot', 'television', 'video']
['bill', 'charles', 'charlie', 'david', 'edward', 'eliot', 'francis', 'george', 'harry', 'henry', 'jack', 'james', 'john', 'luke', 'mark', 'martin', 'michael', 'mungo', 'nigel', 'patrick', 'paul', 'peter', 'philip', 'richard', 'robert', 'scot', 'simon', 'stephen', 'thomas', 'tony', 'william', 'willie']
['blade', 'brow', 'cheek', 'chest', 'chin', 'eyebrow', 'forehead', 'hair', 'limb', 'mouth', 'nail', 'neck', 'needle', 'nose', 'skin', 'spine', 'tail', 'throat', 'tongue', 'tooth', 'vein', 'wound']
['blow', 'break', 'drop', 'handle', 'hold', 'ladder', 'lift', 'lock', 'ride', 'rope']
['boom', 'consumption', 'crisis', 'decline', 'deficit', 'demand', 'economy', 'growth', 'incidence', 'inequality', 'inflation', 'poverty', 'recession', 'reduction', 'rise', 'risk', 'shortage', 'trend', 'turnover', 'uncertainty', 'unemployment']
['border', 'bridge', 'canal', 'corridor', 'cross', 'east', 'line', 'north', 'rail', 'railway', 'river', 'road', 'route', 'south', 'station', 'trail', 'tunnel', 'valley', 'west']
['bottom', 'boundary', 'cliff', 'coast', 'continent', 'edge', 'fault', 'gulf', 'lake', 'middle', 'mountain', 'ocean', 'peak', 'ridge', 'shelf', 'shore', 'side', 'slope', 'summit']
['bowl', 'challenge', 'champion', 'championship', 'competition', 'conference', 'contest', 'event', 'final', 'game', 'match', 'play', 'poll', 'qualification', 'round', 'title', 'tournament', 'trophy', 'winner', 'world']
['brand', 'competitor', 'consumer', 'customer', 'dealer', 'developer', 'export', 'import', 'industry', 'investor', 'maker', 'manufacturer', 'market', 'owner', 'product', 'seller', 'shareholder', 'supplier', 'trade', 'trading', 'vendor']
['bulk', 'coal', 'container', 'delivery', 'distribution', 'electricity', 'energy', 'equipment', 'fibre', 'fuel', 'goods', 'machinery', 'maintenance', 'mine', 'power', 'production', 'supplies', 'supply', 'telephone', 'transport', 'waste']
['business', 'communication', 'design', 'development', 'enterprise', 'environment', 'innovation', 'integration', 'management', 'planning', 'research', 'resource', 'specialist', 'technology']
['button', 'clock', 'door', 'doorway', 'front', 'menu', 'panel', 'screen', 'table', 'window']
['candidate', 'coalition', 'conservative', 'democrat', 'election', 'faction', 'gorbachev', 'kinnock', 'labour', 'leader', 'leadership', 'minority', 'opposition', 'party', 'thatcher', 'tory']
['career', 'club', 'coach', 'defender', 'division', 'football', 'league', 'player', 'professional', 'season', 'second', 'sport', 'squad', 'team', 'youth']
['carpet', 'chain', 'cigarette', 'cloth', 'clothes', 'dress', 'fabric', 'factory', 'fashion', 'furniture', 'garment', 'machine', 'paint', 'paper', 'shoe', 'shop', 'store', 'towel']
['cast', 'crew', 'crowd', 'expedition', 'flight', 'gang', 'killing', 'mission']
['chamber', 'composition', 'guitar', 'horn', 'instrument', 'organ', 'pipe', 'rhythm', 'string', 'voice']
['check', 'look', 'stand', 'talk', 'watch']
['child', 'citizen', 'female', 'inhabitant', 'living', 'male', 'member', 'nurse', 'practitioner', 'resident', 'student', 'teacher']
['climate', 'cycle', 'flood', 'flow', 'heat', 'pollution', 'pressure', 'soil', 'spread', 'stream', 'sunlight', 'surface', 'temperature', 'traffic', 'water']
['collector', 'detective', 'doctor', 'farmer', 'gentleman', 'girl', 'knight', 'landlord', 'master', 'miner', 'peasant', 'policeman', 'servant', 'soldier', 'stranger', 'teenager', 'thief', 'traveller', 'woman', 'worker', 'youngster']
['constituency', 'leeds', 'liverpool', 'london', 'oxford', 'seat', 'ward']
['couple', 'fraction', 'handful', 'major', 'majority', 'number', 'other', 'pair', 'percentage', 'plenty', 'proportion', 'variety']
['embassy', 'empire', 'german', 'hitler', 'iraq', 'israel', 'occupation', 'refugee', 'regime', 'republic', 'revolution', 'russian']
['flower', 'garden', 'grass', 'green', 'leaf', 'palm', 'plant', 'root', 'rose', 'seed', 'tree', 'wood']
['goal', 'hour', 'minute', 'score', 'seconds', 'wicket']
