['dollar', 'pound', 'dollar', 'hundred', 'million', 'penny', 'pint', 'pound', 'quarter', 'thousand', 'tonne']
['formula', 'equation', 'explanation', 'formula', 'hypothesis', 'model', 'myth', 'proof', 'theory', 'thesis']
['quote', 'article', 'book', 'diary', 'essay', 'lesson', 'letter', 'novel', 'paragraph', 'phrase', 'poem', 'poetry', 'script', 'sentence', 'song', 'story', 'tale', 'text', 'tune', 'verse']
['ability', 'accuracy', 'attention', 'capability', 'capacity', 'concentration', 'coverage', 'effectiveness', 'efficiency', 'emission', 'energy', 'expertise', 'exposure', 'intelligence', 'intensity', 'output', 'performance', 'popularity', 'power', 'pressure', 'resistance', 'sensitivity', 'skill', 'stability', 'strength']
['absence', 'abuse', 'acceptance', 'adoption', 'approval', 'criticism', 'destruction', 'existence', 'failure', 'fate', 'favour', 'intervention', 'isolation', 'lack', 'presence', 'punishment', 'reaction', 'receipt', 'reception', 'recognition', 'refusal', 'rejection', 'removal', 'separation', 'victory', 'weakness', 'withdrawal']
['access', 'change', 'deal', 'display', 'exchange', 'export', 'flow', 'gain', 'import', 'link', 'move', 'offer', 'release', 'return', 'shift', 'supplies', 'supply', 'switch', 'trace', 'trade', 'trading', 'transfer', 'transition', 'transport']
['accident', 'bomb', 'clash', 'collapse', 'crash', 'disaster', 'explosion', 'flood', 'incident']
['accommodation', 'allowance', 'award', 'compensation', 'fortune', 'gift', 'grant', 'medal', 'membership', 'payment', 'pension', 'prize', 'reward', 'salary', 'subsidy', 'wages']
['account', 'catalogue', 'category', 'chart', 'code', 'collection', 'database', 'datum', 'document', 'file', 'format', 'guide', 'index', 'list', 'menu', 'package', 'page', 'poll', 'portfolio', 'register', 'resource', 'schedule', 'search', 'source', 'specification', 'version']
['accountant', 'agent', 'assistant', 'auditor', 'bishop', 'chancellor', 'clerk', 'collector', 'commissioner', 'constable', 'councillor', 'democrat', 'deputy', 'detective', 'doctor', 'inspector', 'lawyer', 'nurse', 'officer', 'official', 'police', 'policeman', 'priest', 'resident', 'secretary', 'sergeant', 'servant', 'solicitor', 'teacher']
['achievement', 'career', 'commitment', 'confidence', 'contribution', 'duty', 'effort', 'faith', 'freedom', 'identity', 'interest', 'involvement', 'loyalty', 'objection', 'obligation', 'opposition', 'participation', 'peace', 'prospects', 'reputation', 'respect', 'response', 'responsibility', 'right', 'rights', 'role', 'thanks', 'unity']
['acid', 'alcohol', 'apple', 'beer', 'blood', 'bread', 'cake', 'champagne', 'cigarette', 'coffee', 'cream', 'crop', 'drink', 'drug', 'flavour', 'flower', 'food', 'fruit', 'fuel', 'grain', 'juice', 'lamb', 'meat', 'milk', 'potato', 'recipe', 'seed', 'sugar', 'sweat', 'wine']
['acquisition', 'addition', 'allocation', 'availability', 'conversion', 'delivery', 'discovery', 'loss', 'merger', 'occupation', 'ownership', 'possession', 'purchase', 'replacement', 'sale']
['acre', 'distance', 'hour', 'inch', 'metre', 'mile', 'minute', 'second', 'seconds']
['action', 'choice', 'consensus', 'decision', 'discretion', 'election', 'injunction', 'judgement', 'judgment', 'opinion', 'outcome', 'stance', 'verdict', 'vote']
['activity', 'construction', 'development', 'distribution', 'education', 'evolution', 'expansion', 'extension', 'generation', 'growth', 'housing', 'implementation', 'improvement', 'innovation', 'integration', 'maintenance', 'management', 'production', 'progress', 'promotion', 'recovery', 'reduction', 'regulation', 'transformation']
['actor', 'architect', 'artist', 'author', 'critic', 'dancer', 'designer', 'engineer', 'historian', 'journalist', 'photographer', 'poet', 'politician', 'producer', 'reporter', 'researcher', 'scholar', 'scientist', 'writer']
['adam', 'alice', 'benjamin', 'charlie', 'emily', 'harry', 'jack', 'jane', 'kate', 'kelly', 'laura', 'lily', 'lucy', 'maggie', 'nigel', 'rachel', 'richard', 'robert', 'robyn', 'ruth', 'sarah', 'susan', 'tony', 'willie']
['address', 'answer', 'appeal', 'block', 'caution', 'check', 'comment', 'complaint', 'doubt', 'glance', 'message', 'note', 'notice', 'order', 'question', 'reference', 'remark', 'reply', 'report', 'request', 'review', 'sanction', 'stuff', 'support', 'warning', 'warrant', 'watch']
['administration', 'clinton', 'democracy', 'emperor', 'gorbachev', 'government', 'hitler', 'kinnock', 'marx', 'parliament', 'people', 'pope', 'regime', 'thatcher', 'washington']
['admission', 'anniversary', 'announcement', 'appearance', 'appointment', 'arrival', 'birth', 'birthday', 'completion', 'death', 'departure', 'entry', 'introduction', 'invitation', 'launch', 'passage', 'resignation', 'retirement']
['adult', 'animal', 'baby', 'bird', 'bull', 'cattle', 'creature', 'female', 'fish', 'horse', 'insect', 'male', 'monster', 'mouse', 'rabbit', 'sheep']
['advance', 'assault', 'attack', 'attempt', 'battle', 'breach', 'charge', 'fight', 'fighting', 'fire', 'force', 'hunt', 'invasion', 'landing', 'plot', 'protest', 'pursuit', 'raid', 'rebel', 'strike']
['advantage', 'barrier', 'bias', 'burden', 'constraint', 'criterion', 'delay', 'demand', 'difference', 'discrimination', 'distinction', 'effect', 'emphasis', 'error', 'focus', 'impact', 'inequality', 'liability', 'limit', 'limitation', 'monopoly', 'necessity', 'norm', 'obstacle', 'option', 'penalty', 'preference', 'priority', 'privilege', 'requirement', 'restriction', 'threat', 'trend', 'uncertainty', 'variation']
['advertisement', 'copy', 'cover', 'design', 'drawing', 'glimpse', 'headline', 'honour', 'image', 'look', 'outline', 'paint', 'painting', 'photograph', 'picture', 'portrait', 'poster', 'print', 'profile', 'record', 'recording', 'sample', 'seal', 'shape', 'specimen', 'statue']
['advertising', 'budget', 'consumption', 'deficit', 'earnings', 'electricity', 'employment', 'expenditure', 'goods', 'income', 'inflation', 'investment', 'money', 'pollution', 'profit', 'revenue', 'spending', 'statistics', 'surplus', 'traffic', 'treasury', 'turnover', 'unemployment', 'wealth']
['advice', 'assistance', 'authority', 'care', 'command', 'control', 'direction', 'guidance', 'help', 'influence', 'information', 'input', 'instruction', 'jurisdiction', 'leadership', 'protection']
['adviser', 'ambassador', 'analyst', 'candidate', 'captain', 'chair', 'chairman', 'champion', 'chief', 'coach', 'commander', 'commentator', 'consultant', 'defender', 'delegate', 'director', 'executive', 'expert', 'fellow', 'host', 'leader', 'manager', 'master', 'member', 'minister', 'organiser', 'president', 'representative', 'speaker', 'specialist', 'spokesman', 'supporter', 'trustee', 'winner']
['affair', 'arrangement', 'bond', 'co-operation', 'comparison', 'compliance', 'connection', 'contact', 'contradiction', 'contrast', 'friendship', 'interaction', 'links', 'marriage', 'partnership', 'relation', 'relationship']
['africa', 'america', 'australia', 'england', 'europe', 'india', 'ireland', 'kong', 'leeds', 'liverpool', 'london', 'oxford', 'scotland', 'wales', 'york']
['afternoon', 'autumn', 'century', 'decade', 'evening', 'lifetime', 'middle', 'month', 'morning', 'night', 'season', 'spring', 'summer', 'week', 'weekend', 'winter', 'year']
['agency', 'association', 'chapter', 'charity', 'club', 'corporation', 'entity', 'foundation', 'institution', 'league', 'nation', 'organisation', 'organization', 'society', 'union']
['agenda', 'ambition', 'chance', 'consent', 'desire', 'goal', 'hope', 'incentive', 'intention', 'motive', 'need', 'objective', 'opportunity', 'permission', 'promise', 'purpose', 'reason', 'tendency', 'willingness', 'wish']
['agreement', 'amendment', 'bill', 'charter', 'clause', 'compromise', 'concession', 'constitution', 'declaration', 'decree', 'directive', 'legislation', 'motion', 'petition', 'plan', 'proposal', 'proposition', 'provision', 'recommendation', 'referendum', 'resolution', 'statement', 'statute', 'treaty']
['aircraft', 'battery', 'bike', 'boat', 'carriage', 'carrier', 'craft', 'crew', 'fleet', 'helicopter', 'lorry', 'missile', 'motor', 'passenger', 'plane', 'rail', 'ship', 'tank', 'taxi', 'train', 'troops', 'truck', 'vehicle', 'vessel', 'whilst']
['airline', 'brand', 'chain', 'company', 'competitor', 'corp', 'developer', 'firm', 'maker', 'manufacturer', 'subsidiary', 'supplier', 'vendor']
['airport', 'apartment', 'base', 'building', 'camp', 'castle', 'cottage', 'embassy', 'estate', 'facility', 'factory', 'farm', 'garage', 'headquarters', 'home', 'hotel', 'house', 'location', 'mill', 'office', 'palace', 'plant', 'prison', 'restaurant', 'shop', 'station', 'store', 'studio', 'villa', 'workshop', 'yard']
['alarm', 'anger', 'anxiety', 'attraction', 'awareness', 'beauty', 'chaos', 'comfort', 'contempt', 'courage', 'curiosity', 'enthusiasm', 'excitement', 'fear', 'glory', 'guilt', 'happiness', 'horror', 'hostility', 'insight', 'laughter', 'mystery', 'passion', 'pleasure', 'pride', 'publicity', 'rage', 'sensation', 'silence', 'sympathy', 'talent', 'tension', 'terror', 'violence', 'warmth']
['album', 'cast', 'dance', 'drama', 'episode', 'film', 'game', 'movie', 'series', 'television', 'video']
['allegation', 'argument', 'assumption', 'basis', 'belief', 'claim', 'concept', 'conception', 'conclusion', 'definition', 'degree', 'evidence', 'expectation', 'extent', 'fact', 'hint', 'idea', 'implication', 'impression', 'interpretation', 'notion', 'perception', 'position', 'possibility', 'premise', 'principle', 'prospect', 'rumour', 'speculation', 'suggestion', 'suspicion', 'view']
['alliance', 'army', 'band', 'branch', 'cabinet', 'coalition', 'delegation', 'faction', 'family', 'gang', 'group', 'minority', 'movement', 'party', 'squad', 'team', 'tory', 'wing', 'youth']
['ally', 'brother', 'colleague', 'companion', 'cousin', 'daughter', 'father', 'friend', 'husband', 'lover', 'mother', 'neighbour', 'partner', 'relative', 'rival', 'sister', 'successor', 'wife']
['alternative', 'american', 'best', 'black', 'christian', 'conservative', 'current', 'english', 'french', 'future', 'german', 'human', 'joint', 'labour', 'major', 'other', 'past', 'present', 'prime', 'professional', 'public', 'russian', 'secret']
['amount', 'couple', 'excess', 'fraction', 'handful', 'majority', 'number', 'pair', 'percentage', 'plenty', 'proportion', 'quantity', 'succession', 'total']
['analysis', 'assessment', 'calculation', 'certificate', 'consideration', 'consultation', 'course', 'demonstration', 'description', 'determination', 'enquiry', 'evaluation', 'examination', 'identification', 'inquiry', 'inspection', 'investigation', 'measurement', 'negotiation', 'observation', 'preparation', 'presentation', 'qualification', 'questionnaire', 'reflection', 'relief', 'research', 'selection', 'study', 'survey', 'training', 'treatment']
['angel', 'farmer', 'gentleman', 'ghost', 'girl', 'hero', 'inhabitant', 'king', 'knight', 'lady', 'lord', 'miner', 'peasant', 'prince', 'princess', 'queen', 'soldier', 'star', 'stranger', 'teenager', 'thief', 'traveller', 'woman', 'youngster']
['angle', 'average', 'cost', 'depths', 'dose', 'estimate', 'expense', 'frequency', 'grade', 'height', 'incidence', 'interval', 'level', 'lifespan', 'margin', 'maximum', 'minimum', 'pace', 'point', 'price', 'rate', 'rating', 'ratio', 'risk', 'speed', 'temperature', 'times']
['ankle', 'back', 'bottom', 'breast', 'brow', 'cheek', 'chest', 'chin', 'elbow', 'eyebrow', 'face', 'finger', 'foot', 'forehead', 'hand', 'head', 'heel', 'knee', 'mouth', 'neck', 'nose', 'shoulder', 'spine', 'tail', 'thigh', 'throat', 'thumb', 'waist', 'wrist']
['anna', 'anne', 'blanche', 'caroline', 'charles', 'diana', 'duke', 'earl', 'edward', 'elizabeth', 'helen', 'henry', 'isabel', 'marie', 'mary', 'philip', 'william']
['applicant', 'audience', 'citizen', 'client', 'consumer', 'customer', 'driver', 'editor', 'employee', 'guest', 'individual', 'insider', 'observer', 'parent', 'participant', 'person', 'personnel', 'pilot', 'player', 'practitioner', 'pupil', 'reader', 'refugee', 'rider', 'staff', 'student', 'tourist', 'user', 'viewer', 'visitor', 'volunteer', 'voter', 'worker']
['application', 'chip', 'computer', 'device', 'engine', 'environment', 'equipment', 'framework', 'interface', 'machine', 'machinery', 'module', 'platform', 'processor', 'protocol', 'software', 'system', 'technology', 'tool', 'unit']
['approach', 'conduct', 'exercise', 'guideline', 'measure', 'mechanism', 'method', 'operation', 'practice', 'procedure', 'proceedings', 'process', 'remedy', 'ritual', 'routine', 'rule', 'strategy', 'tactic', 'task', 'technique']
['april', 'athelstan', 'christ', 'david', 'eliot', 'february', 'francis', 'george', 'james', 'jesus', 'john', 'joseph', 'june', 'luke', 'mark', 'martin', 'michael', 'mungo', 'patrick', 'paul', 'peter', 'scot', 'simon', 'stephen', 'thomas', 'will']
['architecture', 'bible', 'culture', 'curriculum', 'discipline', 'doctrine', 'fashion', 'hierarchy', 'history', 'ideology', 'language', 'literature', 'logic', 'medicine', 'music', 'philosophy', 'policy', 'politics', 'religion', 'science', 'style', 'tradition']
['area', 'business', 'capital', 'circuit', 'city', 'colony', 'community', 'constituency', 'country', 'county', 'district', 'division', 'economy', 'field', 'football', 'household', 'industry', 'landscape', 'market', 'ministry', 'population', 'port', 'profession', 'province', 'region', 'scene', 'seat', 'section', 'sector', 'sport', 'state', 'town', 'village', 'ward', 'world', 'zone']
['array', 'cluster', 'combination', 'mixture', 'range', 'spectrum', 'variety']
['arrest', 'conviction', 'defeat', 'killing', 'murder', 'prosecution', 'suicide', 'trial']
['arrow', 'ball', 'barrel', 'beam', 'belt', 'blade', 'blanket', 'boot', 'brush', 'bullet', 'button', 'candle', 'collar', 'cross', 'crown', 'fist', 'frame', 'gear', 'glove', 'grin', 'grip', 'handle', 'hook', 'knife', 'knot', 'lamp', 'leaf', 'mask', 'mirror', 'needle', 'patch', 'pole', 'ring', 'shaft', 'shell', 'slice', 'stick', 'stitch', 'sword', 'torch', 'weapon', 'wheel']
['aspect', 'characteristic', 'component', 'compound', 'core', 'curve', 'cycle', 'dimension', 'domain', 'element', 'equivalent', 'factor', 'feature', 'fragment', 'ideal', 'ingredient', 'item', 'material', 'medium', 'mode', 'molecule', 'object', 'organism', 'parameter', 'particle', 'phase', 'phenomenon', 'planet', 'product', 'protein', 'sequence', 'solution', 'sphere', 'stimulus', 'strand', 'substance', 'thing', 'topic', 'universe', 'variable']
['assembly', 'bench', 'board', 'commission', 'committee', 'council', 'department', 'panel', 'tribunal', 'trust']
['asset', 'bank', 'cash', 'cheque', 'contract', 'credit', 'currency', 'damages', 'debt', 'deposit', 'dividend', 'finance', 'fund', 'insurance', 'lease', 'licence', 'loan', 'mortgage', 'premium', 'property', 'rent', 'reserve', 'savings', 'stake', 'stock', 'transaction']
['atmosphere', 'breeze', 'climate', 'cloud', 'darkness', 'dawn', 'flame', 'heat', 'light', 'mist', 'noise', 'pulse', 'rain', 'shadow', 'signal', 'sleep', 'smell', 'smoke', 'sound', 'storm', 'stream', 'sunlight', 'tide', 'wave', 'weather', 'wind']
['attitude', 'behaviour', 'breath', 'consciousness', 'dream', 'emotion', 'gaze', 'habit', 'imagination', 'impulse', 'instinct', 'laugh', 'love', 'memory', 'mind', 'mood', 'personality', 'reality', 'rhythm', 'scent', 'self', 'sense', 'senses', 'sigh', 'sight', 'smile', 'soul', 'spirit', 'taste', 'tone', 'truth', 'virtue', 'vision', 'voice']
['background', 'character', 'colour', 'expression', 'figure', 'flag', 'gesture', 'name', 'pattern', 'representation', 'sign', 'signature', 'symbol', 'term', 'theme', 'title', 'word']
['bacterium', 'cancer', 'chemical', 'condition', 'damage', 'defect', 'disease', 'disorder', 'gene', 'harm', 'illness', 'infection', 'injury', 'pain', 'species', 'strain', 'stroke', 'surgery', 'symptom', 'virus']
['baker', 'bell', 'brown', 'bush', 'clarke', 'cook', 'corbett', 'ford', 'graham', 'green', 'howard', 'jackson', 'johnson', 'jones', 'lewis', 'miller', 'morgan', 'scott', 'smith', 'taylor', 'walker', 'white', 'williams', 'wilson', 'wright']
['balance', 'complexity', 'composition', 'depth', 'detail', 'difficulty', 'ease', 'length', 'load', 'mass', 'momentum', 'nature', 'scope', 'size', 'stress', 'structure', 'volume', 'weight']
['basket', 'bath', 'bathroom', 'bedroom', 'bottle', 'bucket', 'carpet', 'cell', 'chamber', 'circle', 'coffin', 'container', 'counter', 'crowd', 'cupboard', 'desk', 'downstairs', 'flat', 'front', 'grave', 'heap', 'heaven', 'hell', 'hole', 'kitchen', 'ladder', 'mess', 'nest', 'pack', 'pile', 'pillow', 'place', 'pocket', 'pool', 'room', 'screen', 'shelter', 'sofa', 'space', 'spot', 'table', 'tent', 'trap', 'tray', 'tree']
['beach', 'bridge', 'cliff', 'corner', 'corridor', 'garden', 'ground', 'grounds', 'hill', 'island', 'lake', 'lane', 'mountain', 'park', 'path', 'pond', 'ridge', 'road', 'slope', 'square', 'street', 'stretch', 'terrace', 'trail', 'tunnel', 'valley']
['beginning', 'being', 'experience', 'feeling', 'finding', 'holding', 'knowledge', 'living', 'meaning', 'means', 'planning', 'reading', 'setting', 'teaching', 'thinking', 'thought', 'understanding', 'writing']
['benefit', 'content', 'contents', 'date', 'function', 'importance', 'merit', 'potential', 'quality', 'rank', 'scale', 'share', 'significance', 'status', 'validity', 'value', 'worth']
['blow', 'break', 'call', 'crack', 'drive', 'forward', 'hold', 'kick', 'kiss', 'left', 'let', 'lift', 'pass', 'pitch', 'play', 'punch', 'roll', 'score', 'shot', 'spell', 'stand', 'start', 'step', 'stop', 'tear', 'touch', 'trick', 'turn', 'wicket', 'wound']
['body', 'bone', 'brain', 'flesh', 'heart', 'limb', 'muscle', 'nerve', 'root', 'skin', 'stem', 'stomach', 'tissue', 'tongue', 'tooth', 'vein']
['boom', 'conflict', 'controversy', 'crisis', 'depression', 'dilemma', 'dispute', 'issue', 'panic', 'poverty', 'problem', 'recession', 'revolution', 'scandal', 'shortage', 'situation', 'struggle', 'tragedy', 'trouble']
['border', 'boundary', 'canal', 'coast', 'continent', 'countryside', 'edge', 'gulf', 'horizon', 'line', 'ocean', 'railway', 'river', 'shore', 'side', 'territory', 'waters']
['boss', 'buyer', 'creditor', 'dealer', 'employer', 'holder', 'investor', 'landlord', 'operator', 'owner', 'publisher', 'purchaser', 'seller', 'shareholder', 'tenant']
['bowl', 'challenge', 'championship', 'competition', 'contest', 'draft', 'draw', 'final', 'match', 'open', 'round', 'show', 'stage', 'test', 'tournament', 'trophy']
['breakfast', 'diet', 'dinner', 'dish', 'lunch', 'meal']
['brick', 'coal', 'dust', 'earth', 'forest', 'glass', 'gold', 'grass', 'land', 'metal', 'moon', 'palm', 'rock', 'salt', 'sand', 'snow', 'soil', 'stone', 'waste', 'water', 'wood']
['britain', 'china', 'empire', 'france', 'germany', 'iraq', 'israel', 'italy', 'japan', 'kingdom', 'moscow', 'paris', 'republic', 'rome', 'russia', 'spain']
['bulk', 'consequence', 'half', 'matter', 'part', 'portion', 'remainder', 'rest', 'result', 'whole']
['cable', 'camera', 'clock', 'coin', 'fibre', 'filter', 'guitar', 'horn', 'instrument', 'lock', 'mine', 'nail', 'organ', 'phone', 'pipe', 'rope', 'slide', 'string', 'telephone', 'track', 'tube', 'wire']
['campaign', 'channel', 'enterprise', 'experiment', 'initiative', 'label', 'network', 'program', 'programme', 'project', 'scheme', 'service', 'site', 'venture', 'work']
['card', 'column', 'disc', 'disk', 'envelope', 'fabric', 'layer', 'leaflet', 'packet', 'piece', 'plate', 'sheet', 'shelf', 'strip', 'surface', 'tape', 'tile']
['case', 'circumstance', 'event', 'example', 'instance', 'moment', 'occasion', 'offence', 'period', 'time', 'while']
['cathedral', 'centre', 'chapel', 'church', 'clinic', 'college', 'complex', 'gallery', 'hall', 'hospital', 'institute', 'laboratory', 'library', 'museum', 'school', 'temple', 'theatre', 'university']
['cause', 'child', 'corpse', 'crime', 'defendant', 'enemy', 'killer', 'offender', 'opponent', 'patient', 'plaintiff', 'prey', 'prisoner', 'subject', 'target', 'victim', 'witness']
['ceiling', 'curtain', 'deck', 'door', 'doorway', 'entrance', 'fence', 'floor', 'gate', 'interior', 'pavement', 'roof', 'stair', 'tower', 'wall', 'window']
['ceremony', 'concert', 'conference', 'congress', 'convention', 'exhibition', 'festival', 'hearing', 'interview', 'lecture', 'meeting', 'rally', 'session', 'summit']
['class', 'custom', 'form', 'kind', 'origin', 'sort', 'standard', 'type']
['closure', 'creation', 'establishment', 'formation', 'independence', 'opening', 'reform', 'settlement']
['cloth', 'clothes', 'coat', 'dress', 'furniture', 'garment', 'hair', 'jacket', 'shirt', 'shoe', 'skirt', 'sleeve', 'suit', 'towel', 'trousers', 'uniform']
['communication', 'context', 'conversation', 'debate', 'dialogue', 'discourse', 'discussion', 'life', 'manner', 'perspective', 'prayer', 'speech', 'talk', 'thread']
['concern', 'confusion', 'danger', 'delight', 'disappointment', 'embarrassment', 'fault', 'frustration', 'joke', 'mistake', 'satisfaction', 'shock', 'success', 'surprise', 'triumph']
['count', 'court', 'governor', 'judge', 'jury', 'justice', 'magistrate']
['decline', 'drop', 'fall', 'increase', 'lead', 'peak', 'remains', 'rise', 'rose', 'spread']
['defence', 'guard', 'health', 'receiver', 'safety', 'security', 'survival', 'welfare']
['east', 'north', 'south', 'west']
['edition', 'journal', 'magazine', 'mail', 'media', 'news', 'newspaper', 'paper', 'papers', 'post', 'press', 'publication', 'radio']
['expedition', 'flight', 'holiday', 'journey', 'march', 'mission', 'race', 'ride', 'route', 'ticket', 'tour', 'trip', 'visit', 'walk']
