['dollar', 'coin', 'currency', 'dollar']
['formula', 'formula']
['pound', 'pound']
['quote', 'announcement', 'comment', 'gesture', 'remark', 'statement']
['ability', 'capability']
['absence', 'existence', 'lack', 'withdrawal']
['abuse', 'crime', 'discrimination', 'terror', 'violence']
['acceptance', 'admission', 'popularity', 'promotion', 'recognition', 'rejection']
['access', 'exchange', 'transfer']
['accident', 'crash', 'disaster', 'explosion']
['accommodation', 'housing', 'shelter']
['account', 'basis', 'description', 'evidence', 'explanation', 'outline', 'proof']
['accountant', 'doctor', 'lawyer', 'politician']
['accuracy', 'balance', 'ease', 'quality', 'validity']
['achievement', 'enterprise', 'innovation', 'technology']
['acid', 'domain', 'gene', 'molecule', 'protein']
['acquisition', 'adoption', 'integration', 'marriage']
['acre', 'inch', 'metre', 'mile', 'tonne']
['action', 'evolution', 'transformation', 'transition']
['activity', 'behaviour', 'condition', 'conduct', 'habit']
['actor', 'author', 'critic', 'historian', 'journalist', 'poet', 'producer', 'writer']
['adam', 'charlie', 'david', 'luke', 'michael', 'nigel', 'patrick', 'paul', 'peter', 'stephen', 'tony']
['addition', 'comparison', 'contrast', 'relation']
['address', 'answer', 'call', 'letter', 'message', 'reaction', 'reference', 'reply', 'response']
['administration', 'cabinet', 'government', 'prime', 'public', 'regime', 'state', 'treasury']
['adult', 'female', 'male']
['advance', 'progress']
['advantage', 'aspect', 'direction']
['advertisement', 'advertising', 'print', 'publicity']
['advice', 'assistance', 'guidance', 'help', 'intervention', 'protection', 'relief', 'support']
['adviser', 'consultant', 'spokesman']
['affair', 'incident']
['africa', 'america', 'australia']
['afternoon', 'evening', 'morning', 'night']
['agency', 'agent']
['agenda', 'attitude', 'opinion', 'policy', 'stance']
['agreement', 'arrangement', 'compromise', 'negotiation', 'treaty']
['aircraft', 'flight', 'helicopter', 'landing', 'missile', 'pilot', 'plane', 'vehicle']
['airline', 'airport', 'station']
['alarm', 'packet', 'phone', 'telephone']
['album', 'band', 'release', 'song']
['alcohol', 'drug', 'substance']
['alice', 'anna', 'diana', 'emily', 'helen', 'jane', 'kate', 'laura', 'lily', 'lucy', 'maggie', 'rachel', 'robyn', 'ruth', 'sarah', 'susan']
['allegation', 'claim', 'complaint', 'rumour']
['alliance', 'coalition', 'union']
['allocation', 'budget', 'consumption', 'cost', 'deficit', 'expenditure', 'expense', 'spending']
['allowance', 'compensation', 'concession', 'grant', 'monopoly', 'pension', 'rent', 'subsidy']
['ally', 'colleague', 'fellow', 'friend', 'neighbour', 'partner']
['alternative', 'benefit', 'incentive', 'opportunity', 'reward', 'stimulus']
['ambassador', 'embassy']
['ambition', 'courage', 'curiosity', 'enthusiasm', 'excitement', 'laughter', 'momentum', 'passion', 'reputation', 'talent']
['amendment', 'clause', 'directive', 'provision', 'requirement']
['american', 'english', 'french', 'german', 'russian']
['amount', 'dose', 'quantity', 'scale', 'volume']
['analysis', 'logic', 'statistics', 'study']
['analyst', 'commentator', 'insider', 'reporter']
['angel', 'heaven', 'hell']
['anger', 'confusion', 'delight', 'disappointment', 'embarrassment', 'frustration', 'guilt', 'hostility', 'pride']
['angle', 'curve', 'shelf', 'slope']
['animal', 'human', 'insect', 'plant']
['ankle', 'elbow', 'knee', 'wound']
['anne', 'blanche', 'caroline', 'elizabeth', 'isabel', 'marie', 'mary']
['anniversary', 'birthday']
['anxiety', 'depression', 'disorder', 'emotion', 'pain', 'sleep', 'stress', 'symptom', 'uncertainty', 'weakness']
['apartment', 'bathroom', 'bedroom', 'downstairs', 'kitchen', 'room', 'tent']
['appeal', 'arrest', 'conviction', 'murder', 'offence', 'suspicion', 'trial', 'verdict']
['appearance', 'presentation']
['apple', 'crop', 'flower', 'fruit', 'grain', 'juice', 'seed', 'sugar']
['applicant', 'defendant', 'offender', 'plaintiff', 'prosecution', 'victim']
['application', 'framework', 'implementation', 'product', 'software', 'solution']
['appointment', 'position', 'post', 'role', 'seat']
['approach', 'insight', 'interpretation', 'perspective', 'reflection', 'view', 'vision']
['approval', 'consent', 'permission', 'seal']
['april', 'february', 'june', 'march']
['architect', 'artist', 'dancer', 'designer', 'photographer', 'publisher']
['architecture', 'design', 'style']
['area', 'region', 'zone']
['argument', 'concern', 'contribution', 'issue', 'objection', 'obstacle', 'question', 'reason']
['army', 'fleet', 'force']
['array', 'cluster', 'range', 'spectrum', 'variety']
['arrival', 'completion', 'departure', 'discovery', 'return']
['arrow', 'blade', 'fist', 'knife', 'knight', 'sword', 'weapon']
['article', 'page', 'talk']
['assault', 'attack', 'expedition', 'invasion', 'raid']
['assembly', 'congress', 'constituency', 'parliament']
['assessment', 'delivery', 'evaluation', 'identification', 'maintenance', 'observation', 'preparation', 'questionnaire', 'review', 'selection', 'test']
['asset', 'capital', 'finance', 'investment', 'investor', 'portfolio', 'venture']
['assistant', 'chief', 'deputy', 'office', 'secretary']
['association', 'society']
['assumption', 'belief', 'concept', 'conception', 'definition', 'doctrine', 'expectation', 'fact', 'hypothesis', 'idea', 'implication', 'impression', 'norm', 'notion', 'premise', 'proposition', 'sense', 'theory']
['athelstan', 'charles', 'edward', 'eliot', 'george', 'harry', 'henry', 'howard', 'philip', 'richard', 'william']
['atmosphere', 'climate', 'environment']
['attempt', 'effort', 'initiative']
['attention', 'note', 'notice', 'warning']
['attraction', 'tourist', 'traveller', 'visitor']
['audience', 'consumer', 'crowd', 'reader', 'viewer']
['auditor', 'clerk', 'commissioner', 'constable', 'councillor', 'inspector', 'judge', 'magistrate', 'priest', 'solicitor']
['authority', 'jurisdiction']
['autumn', 'fall', 'spring', 'summer', 'winter']
['availability', 'effectiveness', 'efficiency', 'rate', 'survival']
['average', 'maximum', 'minimum', 'total']
['award', 'medal', 'prize']
['awareness', 'knowledge', 'perception', 'understanding']
['baby', 'boss', 'love', 'lover', 'soul']
['back', 'forward']
['background', 'bias', 'context', 'detail', 'setting']
['bacterium', 'organism', 'species', 'specimen']
['baker', 'clarke', 'cook', 'corbett', 'graham', 'jackson', 'johnson', 'jones', 'kelly', 'lewis', 'miller', 'morgan', 'scot', 'scott', 'smith', 'taylor', 'walker', 'williams', 'wilson', 'wright']
['ball', 'belt', 'glove', 'mask', 'ring']
['bank', 'credit', 'debt', 'insurance', 'liability', 'loan', 'mortgage', 'savings', 'stock']
['barrel', 'brush', 'nail', 'needle', 'pole', 'thread']
['barrier', 'check', 'filter']
['base']
['basket', 'bucket', 'chip', 'column', 'container', 'cupboard', 'deck', 'desk', 'flat', 'pack', 'patch', 'pillow', 'sofa', 'table', 'towel', 'tray']
['bath', 'leeds', 'liverpool', 'london', 'oxford', 'paris', 'rome', 'york']
['battery', 'cycle']
['battle', 'fight', 'fighting', 'pursuit']
['beach', 'lake', 'mill', 'pond', 'pool']
['beam', 'frequency', 'particle', 'pulse', 'signal', 'wave']
['beauty', 'comfort', 'dream', 'fortune', 'glory', 'happiness', 'pleasure', 'satisfaction', 'self', 'truth']
['beer', 'coffee', 'drink', 'wine']
['beginning', 'launch', 'start', 'stop']
['being']
['bell', 'clock']
['bench', 'circuit', 'court', 'jury', 'justice', 'tribunal']
['benjamin', 'bill', 'francis', 'jack', 'james', 'john', 'joseph', 'mark', 'martin', 'mungo', 'robert', 'simon', 'thomas', 'willie']
['best', 'category', 'class', 'list']
['bible', 'drama', 'history', 'literature', 'philosophy', 'poetry', 'politics', 'science', 'tradition', 'writing']
['bike', 'boat', 'craft', 'ship', 'vessel']
['bird', 'fish', 'lamb', 'prey']
['birth', 'death', 'suicide']
['bishop', 'cathedral', 'chapel', 'church']
['black', 'brown', 'green', 'white']
['blanket']
['block', 'limit', 'limitation', 'restriction']
['blood', 'sweat', 'tear']
['blow']
['board', 'commission', 'committee', 'council', 'panel']
['body', 'coffin', 'corpse', 'grave', 'remains']
['bomb']
['bond', 'friendship', 'relationship']
['bone', 'brain', 'cell', 'muscle', 'nerve', 'soil', 'stem', 'tissue']
['book', 'diary', 'essay', 'novel', 'poem', 'verse']
['boom']
['boot', 'core', 'disc', 'disk', 'memory', 'tape']
['border', 'boundary', 'fault']
['bottle', 'champagne', 'penny', 'pint', 'slice']
['bottom', 'remainder', 'rest', 'whole']
['bowl', 'championship', 'event', 'game', 'league', 'match', 'play', 'qualification', 'round', 'tournament', 'trophy']
['branch']
['brand', 'dealer', 'factory', 'maker', 'manufacturer', 'supplier', 'vendor']
['breach', 'connection', 'contradiction', 'difference', 'dilemma', 'distinction']
['bread', 'cake', 'cream', 'diet', 'dish', 'food', 'meat', 'milk', 'potato', 'recipe']
['break', 'crack']
['breakfast', 'dinner', 'lunch', 'meal']
['breast', 'cheek', 'finger', 'foot', 'grip', 'hand', 'heel', 'limb', 'shoulder', 'sleeve', 'spine', 'stomach', 'thigh', 'thumb', 'waist', 'wing', 'wrist']
['breath', 'flavour', 'scent', 'sight', 'smell', 'taste']
['breeze', 'fuel', 'heat', 'shock']
['brick', 'building', 'construction', 'square', 'structure', 'tower']
['bridge', 'canal', 'mine', 'tube', 'tunnel']
['britain', 'europe', 'france', 'italy', 'spain']
['brother', 'family', 'father', 'husband', 'mother']
['brow', 'chest', 'chin', 'eyebrow', 'face', 'forehead', 'gaze', 'head', 'mouth', 'neck', 'nose', 'profile', 'throat', 'tongue']
['bulk', 'mass']
['bull']
['bullet', 'hole', 'shot']
['burden', 'care', 'control', 'priority', 'privilege', 'responsibility']
['bush', 'clinton', 'washington']
['business', 'economy', 'industry', 'market', 'sector']
['button', 'menu']
['buyer', 'creditor', 'developer', 'holder', 'landlord', 'operator', 'owner', 'premium', 'purchase', 'purchaser', 'seller', 'shareholder', 'stake', 'tenant', 'transaction']
['cable', 'channel', 'network']
['calculation', 'datum', 'estimate', 'measure', 'measurement', 'survey']
['camera', 'display', 'plate', 'screen', 'stage']
['camp', 'centre', 'complex', 'facility', 'laboratory']
['campaign']
['cancer', 'illness', 'injury', 'stroke']
['candidate', 'conservative', 'democrat', 'labour', 'tory']
['candle', 'cigarette', 'lamp', 'torch']
['capacity', 'distance', 'height', 'length', 'lifespan', 'peak', 'shape', 'size', 'speed', 'temperature']
['captain', 'command', 'commander', 'governor', 'headquarters', 'officer', 'sergeant']
['card', 'cash', 'cheque', 'deposit', 'mail', 'money', 'ticket']
['career', 'practice', 'profession', 'professional']
['carpet', 'furniture', 'glass', 'goods', 'household', 'shoe', 'tile', 'wood']
['carriage', 'lorry', 'motor', 'passenger', 'tank', 'taxi', 'train', 'truck']
['carrier']
['case', 'example', 'instance', 'occasion']
['cast', 'lead']
['castle', 'palace', 'temple', 'villa']
['catalogue', 'collection', 'collector']
['cattle', 'horse', 'sheep']
['cause', 'consequence', 'outcome', 'result']
['caution', 'consensus', 'consideration', 'injunction', 'punishment', 'remedy', 'sanction']
['ceiling', 'curtain', 'floor', 'frame', 'pavement', 'roof']
['century', 'decade', 'generation', 'period']
['ceremony', 'concert', 'festival', 'guest', 'headline', 'interview', 'lecture', 'performance', 'session', 'theatre', 'tour']
['certificate', 'education']
['chain', 'hotel', 'restaurant']
['chair', 'chairman', 'chancellor', 'director', 'executive', 'member', 'president', 'speaker', 'trustee']
['challenge', 'competition', 'contest']
['chamber']
['champion', 'winner']
['chance', 'necessity', 'option', 'possibility', 'potential', 'prospect', 'prospects']
['change', 'defect', 'shift', 'switch']
['chaos', 'darkness', 'shadow', 'silence']
['chapter', 'paragraph', 'section', 'sentence']
['character', 'personality', 'sequence', 'theme']
['characteristic', 'feature', 'signature', 'symbol']
['charge', 'ownership', 'possession']
['charity', 'foundation', 'fund', 'trust']
['chart']
['charter', 'constitution', 'flag', 'legislation', 'republic', 'rule', 'statute']
['chemical', 'compound']
['child', 'cousin', 'daughter', 'parent', 'sister', 'wife']
['china', 'india', 'japan', 'kong']
['choice', 'preference']
['christ', 'christian', 'jesus']
['circle', 'knot', 'stitch', 'strand']
['circumstance', 'fashion', 'manner', 'nature', 'vein']
['citizen', 'servant', 'soldier']
['city', 'community', 'county', 'settlement', 'town', 'village']
['clash', 'conflict', 'dispute', 'struggle']
['client', 'customer']
['cliff', 'hill', 'island', 'mountain', 'ridge', 'summit', 'valley']
['clinic', 'hospital']
['closure', 'creation', 'establishment', 'formation', 'merger']
['cloth', 'fabric', 'fibre', 'garment']
['clothes', 'coat', 'collar', 'dress', 'jacket', 'shirt', 'skirt', 'suit', 'trousers', 'uniform']
['cloud', 'fire', 'mist', 'rain', 'snow', 'storm', 'weather', 'wind']
['club', 'football', 'squad', 'team']
['co-operation', 'communication', 'compliance', 'consultation', 'dialogue', 'partnership']
['coach', 'management', 'manager']
['coal', 'electricity', 'energy', 'power']
['coast', 'gulf', 'shore']
['code', 'computer', 'interface', 'platform', 'processor', 'protocol']
['collapse', 'destruction', 'fate', 'killing', 'loss', 'occupation', 'removal']
['college', 'school', 'university']
['colony', 'empire']
['colour', 'flesh', 'hair', 'heart', 'skin']
['combination', 'handful', 'mixture']
['commitment', 'desire', 'failure', 'loyalty', 'promise', 'refusal', 'tendency', 'willingness']
['companion', 'guide']
['company', 'firm']
['competitor', 'rival', 'successor']
['complexity', 'delay', 'difficulty', 'problem', 'success', 'trouble']
['component', 'dimension', 'element', 'factor', 'ingredient', 'item', 'object', 'phase']
['composition', 'paint', 'painting']
['concentration', 'extent', 'favour', 'fraction', 'incidence', 'number', 'percentage', 'proportion', 'ratio', 'relative', 'share']
['conclusion', 'hint', 'invitation', 'point', 'proposal', 'recommendation', 'request', 'suggestion']
['conference', 'convention', 'meeting']
['confidence', 'contempt', 'respect', 'sympathy', 'thanks']
['consciousness', 'imagination', 'mind', 'senses']
['constraint', 'index', 'interval', 'parameter', 'variable']
['contact', 'interaction', 'touch']
['content', 'contents']
['continent', 'country', 'nation', 'territory', 'world']
['contract', 'deal', 'lease', 'licence', 'spell']
['controversy', 'criticism', 'scandal', 'speculation']
['conversation', 'debate', 'discourse', 'discussion', 'matter']
['conversion', 'recovery', 'replacement', 'separation']
['copy', 'cover', 'photograph', 'picture', 'portrait', 'poster', 'sample', 'statue']
['corner', 'edge', 'margin', 'side']
['corp', 'corporation', 'subsidiary']
['corridor', 'lane', 'road', 'route', 'street']
['cottage', 'hall', 'house']
['count', 'duke']
['counter']
['countryside', 'interior', 'landscape', 'scene']
['couple', 'pair']
['course', 'curriculum']
['coverage', 'scope']
['creature', 'ghost', 'killer', 'monster']
['crew', 'personnel', 'staff', 'troops']
['crisis', 'recession', 'revolution', 'situation', 'tragedy']
['criterion', 'guideline']
['cross', 'crown']
['culture', 'faith', 'ideology', 'medicine', 'myth', 'religion']
['current', 'future', 'present']
['custom', 'equivalent', 'specification', 'standard']
['damage', 'damages', 'harm']
['dance', 'music', 'rock']
['danger', 'risk', 'threat']
['database', 'file', 'format']
['date', 'document', 'papers', 'report', 'text']
['dawn', 'earth', 'horizon', 'moon', 'planet', 'star']
['decision']
['declaration', 'decree', 'sign']
['decline', 'gain', 'increase', 'reduction', 'rise']
['defeat', 'triumph', 'victory']
['defence', 'intelligence', 'safety', 'security']
['defender', 'player', 'receiver']
['degree', 'thesis']
['delegate', 'delegation', 'representative']
['demand', 'distribution', 'shortage', 'supplies', 'supply', 'transport']
['democracy', 'peace', 'unity']
['demonstration', 'protest', 'strike']
['department', 'minister', 'ministry', 'service']
['depth', 'depths', 'waters']
['detective', 'guard', 'police', 'policeman', 'thief']
['determination', 'discretion', 'judgement', 'judgment']
['development', 'growth', 'turnover']
['device', 'instrument', 'machine', 'module', 'package']
['discipline', 'field', 'hierarchy', 'virtue']
['disease', 'infection', 'strain', 'virus']
['district', 'ward']
['dividend', 'earnings', 'employment', 'income', 'profit', 'revenue', 'salary', 'wages', 'wealth']
['division', 'unit']
['door', 'doorway', 'entrance', 'mirror', 'stair', 'wall', 'window']
['doubt']
['draft', 'entry']
['draw', 'drawing', 'reading']
['drive', 'ride', 'stand', 'walk']
['driver', 'rider']
['drop', 'hook', 'kick', 'punch']
['dust', 'flame', 'smoke']
['duty', 'obligation', 'order']
['earl', 'lady', 'lord']
['east', 'north', 'south', 'west']
['edition', 'model', 'version']
['editor', 'observer', 'user']
['effect', 'experiment', 'phenomenon', 'reality', 'sensation', 'trend', 'universe', 'variation']
['election', 'petition', 'poll', 'referendum', 'vote', 'voter']
['emission', 'flood', 'noise', 'pollution', 'traffic', 'waste', 'water']
['emperor', 'king', 'kingdom']
['emphasis', 'focus']
['employee', 'employer', 'student', 'worker']
['enemy', 'opponent', 'opposition', 'supporter']
['engine', 'gear', 'shaft', 'wheel']
['engineer', 'practitioner', 'research', 'researcher', 'scholar', 'scientist']
['england', 'ireland', 'scotland', 'wales']
['enquiry', 'inquiry', 'investigation', 'proceedings']
['entity', 'group', 'institution', 'movement', 'organisation', 'organization']
['envelope', 'leaflet', 'sphere']
['episode', 'season', 'series', 'show']
['equation', 'ideal']
['equipment', 'machinery']
['error', 'joke', 'mistake', 'surprise']
['estate', 'land', 'property']
['examination', 'inspection']
['excess', 'surplus']
['exercise', 'routine']
['exhibition', 'gallery', 'institute', 'library', 'museum']
['expansion', 'extension', 'improvement']
['experience', 'expertise', 'interest', 'skill']
['expert', 'specialist']
['export', 'import', 'production']
['exposure', 'intensity', 'sensitivity', 'stability', 'warmth']
['expression', 'speech', 'voice']
['faction', 'gang', 'party']
['farm', 'farmer', 'miner', 'peasant']
['fear', 'hope', 'panic']
['feeling', 'mood', 'tone']
['fence', 'ladder', 'metal', 'rope', 'wire']
['figure']
['film', 'horror', 'movie']
['final']
['finding', 'hearing', 'search']
['flow', 'medium', 'river', 'stream']
['ford', 'race', 'rally']
['forest', 'garden', 'park', 'terrace']
['form', 'kind', 'sort', 'type']
['fragment', 'part', 'passage', 'piece', 'portion', 'stretch']
['freedom', 'independence']
['front']
['function', 'mechanism', 'mode', 'procedure', 'process', 'system']
['garage', 'shop', 'store', 'workshop']
['gate']
['gentleman', 'patient', 'people', 'person', 'woman']
['germany', 'moscow', 'russia']
['gift', 'payment', 'receipt', 'sale']
['girl', 'stranger', 'teenager', 'youngster']
['glance', 'glimpse', 'look']
['goal', 'penalty', 'wicket']
['gold', 'grass', 'nest', 'salt', 'sand', 'stone']
['gorbachev', 'hitler', 'marx']
['grade', 'level']
['grin', 'kiss', 'laugh', 'sigh', 'smile']
['ground', 'grounds', 'pitch']
['guitar', 'rhythm']
['half', 'quarter']
['handle', 'lift', 'load']
['health', 'reform', 'welfare', 'youth']
['heap', 'pile']
['hero', 'spirit']
['hold', 'holding', 'offer']
['holiday']
['home', 'host']
['honour', 'merit', 'warrant', 'worth']
['horn', 'tail']
['hour', 'minute', 'seconds']
['hundred', 'million', 'thousand']
['hunt', 'trap', 'trick']
['identity', 'origin']
['image']
['impact', 'influence', 'presence']
['importance', 'significance', 'value']
['impulse', 'instinct']
['individual']
['inequality', 'isolation', 'poverty']
['inflation', 'price', 'unemployment']
['information', 'material', 'mess', 'stuff', 'thing']
['inhabitant', 'living', 'resident']
['input', 'output']
['instruction', 'lesson', 'training']
['intention', 'motive', 'objective', 'purpose']
['introduction', 'opening']
['involvement', 'membership', 'participant', 'participation', 'representation']
['iraq', 'israel']
['joint', 'resource', 'source']
['journal', 'magazine', 'media', 'news', 'newspaper', 'paper', 'press', 'publication']
['journey', 'trip', 'visit']
['kinnock', 'thatcher']
['label', 'studio']
['language', 'script']
['layer', 'ocean', 'surface']
['leader', 'leadership', 'organiser']
['leaf', 'root', 'tooth']
['left']
['let', 'will']
['life', 'lifetime']
['light', 'sunlight']
['line', 'rail', 'railway']
['link', 'links']
['location', 'site', 'target']
['lock', 'roll', 'sheet', 'slide', 'stick']
['major']
['majority', 'minority']
['master']
['meaning', 'means']
['method', 'pattern', 'tactic', 'technique', 'tool']
['middle']
['mission', 'task']
['moment', 'time', 'times']
['month', 'week', 'weekend', 'year']
['motion']
['mouse', 'rabbit']
['move', 'spread', 'step', 'turn']
['mystery', 'plot', 'story', 'strip', 'tale']
['name', 'title']
['need', 'wish']
['nurse', 'pupil', 'teacher', 'teaching']
['official']
['open']
['operation']
['organ', 'pipe', 'string']
['other']
['pace', 'strength', 'weight']
['palm', 'tree']
['pass']
['past']
['path', 'trail']
['phrase', 'term', 'tune', 'word']
['place', 'spot']
['plan', 'planning', 'scheme', 'strategy']
['plenty']
['pocket']
['pope']
['population']
['port']
['prayer', 'ritual']
['pressure', 'tension']
['prince', 'princess', 'queen']
['principle']
['prison', 'prisoner', 'refugee']
['program', 'programme', 'project', 'sport']
['province']
['radio', 'television']
['rage']
['rank', 'status']
['rating', 'score']
['rebel', 'resistance']
['reception']
['record', 'recording']
['register']
['regulation', 'schedule']
['reserve']
['resignation', 'retirement']
['resolution']
['right', 'rights']
['rose']
['second']
['secret']
['shell']
['sound']
['space']
['subject', 'topic']
['succession']
['surgery', 'treatment']
['thinking', 'thought']
['tide']
['trace']
['track']
['trade', 'trading']
['video']
['volunteer']
['watch']
['while', 'whilst']
['witness']
['work']
['yard']
