['dollar', 'coin', 'dollar', 'penny', 'worth']
['formula', 'compound', 'formula']
['pound', 'pound', 'tonne']
['quote', 'contents', 'copy', 'detail', 'format', 'script', 'text']
['ability', 'ambition', 'desire', 'intention', 'motive', 'need', 'refusal', 'tendency', 'willingness', 'wish']
['absence', 'lack', 'plenty', 'shortage']
['abuse', 'poverty', 'terror', 'violence']
['acceptance', 'admission', 'adoption', 'popularity', 'recognition']
['access', 'benefit', 'support']
['accident', 'crash', 'disaster', 'explosion', 'incident']
['accommodation', 'housing', 'shelter']
['account']
['accountant', 'citizen', 'lawyer', 'politician', 'servant', 'solicitor']
['accuracy', 'availability', 'capability', 'effectiveness', 'outcome', 'scope', 'survival', 'validity']
['achievement', 'award', 'best', 'prize']
['acid', 'fragment', 'molecule', 'organism', 'protein', 'sequence', 'strand']
['acquisition', 'construction', 'development', 'environment', 'growth', 'innovation', 'planning', 'recovery']
['acre', 'cottage', 'farm', 'home', 'mill']
['action', 'injunction', 'remedy', 'sanction']
['activity', 'contact', 'interest', 'involvement', 'participation']
['actor', 'author', 'editor', 'journalist', 'poet', 'producer', 'traveller', 'writer']
['adam', 'david', 'luke', 'mark', 'martin', 'michael', 'nigel', 'patrick', 'paul', 'peter', 'simon', 'stephen']
['addition', 'beginning', 'introduction', 'passage', 'version']
['address', 'answer', 'question']
['administration', 'defence', 'finance', 'portfolio', 'treasury']
['adult', 'female', 'male']
['advance', 'progress']
['advantage', 'chance', 'incentive', 'invitation', 'opportunity']
['advertisement', 'advertising']
['advice', 'guidance', 'offer']
['adviser', 'assistant', 'auditor', 'coach', 'head', 'manager']
['affair', 'bond', 'friendship', 'relationship']
['africa', 'australia', 'wales']
['afternoon', 'evening', 'morning', 'night', 'weekend']
['agency', 'department', 'office', 'post']
['agenda', 'democracy', 'hierarchy', 'ideology', 'regime', 'religion', 'unity']
['agent', 'detective', 'police', 'policeman', 'soldier', 'thief']
['agreement', 'declaration', 'peace', 'sign', 'treaty']
['aircraft', 'carrier', 'flight', 'helicopter', 'missile', 'pilot', 'plane']
['airline', 'airport']
['alarm', 'bell', 'clock', 'signal', 'tower']
['album', 'release', 'song', 'studio', 'track']
['alcohol', 'crack', 'drug', 'substance']
['alice', 'anna', 'diana', 'emily', 'helen', 'jane', 'kate', 'laura', 'lily', 'lucy', 'maggie', 'rachel', 'robyn', 'ruth', 'sarah', 'susan']
['allegation', 'claim', 'complaint', 'rumour', 'statement']
['alliance', 'coalition', 'faction', 'opposition', 'party', 'rebel']
['allocation', 'control', 'delivery', 'distribution', 'enterprise', 'management', 'resource']
['allowance', 'earnings', 'employment', 'income', 'money', 'profit', 'rent', 'revenue', 'salary', 'wages', 'wealth']
['ally', 'opponent', 'rival']
['alternative', 'band', 'metal', 'rock', 'roll']
['ambassador', 'embassy']
['amendment', 'directive', 'government', 'legislation', 'provision', 'reform', 'regulation']
['america', 'continent', 'europe', 'france', 'germany', 'world']
['american', 'english', 'french', 'german']
['amount', 'bulk', 'quantity', 'sample', 'value']
['analysis', 'calculation', 'equation', 'error', 'estimate', 'measure', 'measurement', 'statistics']
['analyst', 'commentator', 'news', 'observer', 'reporter']
['angel', 'glory', 'heaven', 'hell', 'silence']
['anger', 'concern', 'disappointment', 'embarrassment', 'fault', 'fear', 'frustration', 'guilt', 'hostility']
['angle', 'beam', 'emission', 'light', 'particle', 'pulse', 'wave']
['animal', 'human']
['ankle', 'elbow', 'finger', 'foot', 'grip', 'hand', 'heel', 'knee', 'limb', 'pocket', 'shoulder', 'thigh', 'thumb', 'wrist']
['anne', 'blanche', 'caroline', 'elizabeth', 'isabel', 'lady', 'marie', 'mary', 'rose']
['anniversary', 'birthday']
['announcement', 'arrival', 'completion', 'departure', 'discovery']
['anxiety', 'depression', 'disorder', 'pain', 'panic', 'sleep', 'symptom']
['apartment', 'bathroom', 'bedroom', 'cupboard', 'downstairs', 'household', 'kitchen', 'room', 'sofa']
['appeal', 'conviction', 'offence', 'prosecution', 'suspicion', 'trial', 'verdict']
['appearance', 'guest']
['apple', 'card', 'chip', 'machine', 'memory']
['applicant', 'case', 'defendant', 'plaintiff', 'witness']
['application', 'code', 'document', 'framework', 'model', 'protocol', 'specification', 'standard']
['appointment', 'resignation', 'retirement']
['approach', 'instrument', 'means', 'mechanism', 'method', 'pattern', 'procedure', 'process', 'solution', 'technique', 'tool']
['approval', 'consent', 'grant', 'licence', 'permission']
['april', 'february', 'june', 'march']
['architect', 'designer', 'engineer']
['architecture', 'design', 'fashion', 'style']
['area', 'province', 'region', 'zone']
['argument', 'objection', 'opinion', 'reason']
['army', 'force', 'guard', 'troops']
['arrangement', 'composition']
['array', 'range', 'spectrum', 'variety']
['arrest', 'crime', 'gang', 'murder', 'suicide', 'victim']
['arrow', 'blade', 'fist', 'knife', 'spell', 'sword', 'torch', 'weapon']
['article', 'page', 'talk', 'user']
['artist', 'dancer', 'photographer']
['aspect', 'characteristic', 'component', 'core', 'element', 'factor', 'form', 'function', 'ingredient', 'source', 'unit']
['assault', 'attack', 'bomb', 'enemy', 'raid', 'strike']
['assembly', 'congress', 'constituency', 'election', 'parliament']
['assessment', 'evaluation', 'examination', 'identification', 'questionnaire', 'rating']
['asset', 'developer', 'employee', 'firm', 'investment', 'investor', 'shareholder']
['assistance', 'help', 'intervention', 'protection', 'relief']
['association', 'society', 'union']
['assumption', 'belief', 'concept', 'idea', 'necessity', 'norm', 'notion', 'possibility', 'premise', 'principle']
['athelstan', 'philip']
['atmosphere', 'beauty', 'comfort', 'happiness', 'warmth']
['attempt', 'effort', 'order']
['attention', 'media', 'publicity']
['attitude', 'behaviour', 'gesture', 'habit', 'personality', 'stance']
['attraction', 'tourist', 'visitor']
['audience', 'crowd']
['authority', 'jurisdiction', 'responsibility']
['autumn', 'fall', 'spring', 'summer', 'winter']
['average', 'fraction', 'margin', 'percentage', 'population', 'proportion']
['awareness', 'consciousness', 'identity', 'mind', 'self', 'vision']
['baby', 'breath', 'grin', 'kiss', 'laugh', 'love', 'sigh', 'smile', 'touch']
['back', 'draw', 'move', 'step', 'switch', 'turn']
['background', 'mirror', 'observation', 'reflection', 'representation']
['bacterium', 'gene', 'spread', 'virus']
['baker', 'clarke', 'cook', 'corbett', 'ford', 'graham', 'jackson', 'johnson', 'jones', 'kelly', 'lewis', 'miller', 'morgan', 'scott', 'smith', 'taylor', 'walker', 'ward', 'williams', 'wilson', 'wright']
['balance', 'efficiency', 'output', 'quality', 'stability']
['ball', 'ground', 'pitch', 'play']
['bank', 'cash', 'credit', 'debt', 'deposit', 'dividend', 'insurance', 'liability', 'loan', 'mortgage', 'savings']
['barrel', 'chamber', 'organ', 'pipe', 'tube']
['barrier', 'fence', 'wall', 'wire']
['base', 'headquarters', 'mission']
['basis', 'grounds']
['basket', 'bottle', 'bucket', 'champagne', 'cigarette', 'pint', 'towel', 'tray']
['bath', 'england', 'leeds', 'liverpool', 'london']
['battery', 'candle', 'lamp']
['battle', 'fight', 'fighting', 'pursuit', 'struggle']
['beach', 'palm']
['beer', 'coffee', 'drink', 'wine']
['being']
['belt', 'blanket', 'clothes', 'collar', 'dress', 'jacket', 'knot', 'shirt', 'skirt', 'sleeve', 'suit', 'trousers', 'uniform']
['bench', 'circuit', 'clerk', 'court', 'judge', 'jury', 'justice', 'magistrate', 'tribunal']
['benjamin', 'charles', 'edward', 'eliot', 'francis', 'george', 'henry', 'howard', 'james', 'john', 'joseph', 'mungo', 'richard', 'robert', 'scot', 'thomas', 'william']
['bias', 'discrimination', 'inequality']
['bible', 'chapter', 'christian']
['bike', 'motor', 'vehicle']
['bill', 'charlie', 'harry', 'jack', 'tony', 'willie']
['bird', 'fish', 'nest', 'prey']
['birth', 'death', 'fate']
['bishop', 'pope', 'priest']
['black', 'white']
['block']
['blood', 'bone', 'cell', 'muscle', 'stem', 'tissue', 'vein']
['blow', 'break', 'tear']
['board', 'commission', 'committee', 'council']
['boat', 'fleet', 'ship', 'vessel', 'yard']
['body', 'coffin', 'corpse', 'grave']
['book', 'poem', 'tragedy', 'verse']
['boom', 'crisis', 'currency', 'demand', 'inflation', 'rate', 'recession', 'turnover', 'unemployment']
['boot', 'disc', 'disk', 'drive', 'tape']
['border', 'boundary']
['boss', 'colleague', 'fellow', 'friend', 'lover', 'neighbour', 'partner']
['bottom', 'corner', 'edge', 'side', 'slope']
['bowl', 'challenge', 'competition', 'contest', 'event', 'game', 'match', 'qualification', 'round', 'tournament']
['brain', 'heart', 'nerve']
['branch', 'line', 'railway', 'station']
['brand', 'competitor', 'dealer', 'factory', 'maker', 'manufacturer', 'supplier']
['breach']
['bread', 'cake', 'cream', 'diet', 'dish', 'food', 'fruit', 'juice', 'lamb', 'meat', 'milk', 'potato', 'slice']
['breakfast', 'dinner', 'lunch', 'meal']
['breast', 'colour', 'flesh', 'hair', 'nail', 'patch', 'skin', 'stomach', 'sweat', 'tooth']
['breeze', 'cloud', 'mist', 'shadow']
['brick', 'glass', 'stone', 'tile', 'wood']
['bridge', 'canal', 'lock', 'port', 'tunnel']
['britain', 'spain']
['brother', 'child', 'family', 'father', 'husband', 'mother', 'successor']
['brow', 'cheek', 'chest', 'chin', 'eyebrow', 'face', 'forehead', 'gaze', 'throat', 'tongue']
['brown', 'green']
['brush', 'drop', 'slide', 'stick']
['budget', 'burden', 'consumption', 'deficit', 'expenditure', 'spending', 'surplus']
['building', 'complex', 'frame', 'structure']
['bull', 'hunt', 'mouse', 'rabbit', 'trap']
['bullet', 'hole', 'shot']
['bush', 'clinton', 'gorbachev']
['business', 'industry', 'production', 'sector', 'trade']
['button', 'menu', 'signature']
['buyer', 'cheque', 'creditor', 'employer', 'holder', 'owner', 'purchase', 'purchaser', 'receipt', 'sale', 'seller', 'transaction']
['cabinet', 'interior', 'minister', 'ministry', 'prime', 'thatcher']
['cable', 'channel', 'network']
['call', 'letter', 'message', 'warning']
['camera', 'display', 'panel', 'screen']
['camp', 'concentration', 'prison', 'prisoner', 'refugee']
['campaign', 'demonstration', 'protest', 'rally', 'resistance']
['cancer', 'condition', 'defect', 'disease', 'illness', 'incidence', 'infection', 'stroke']
['candidate', 'conservative', 'democrat', 'seat']
['capacity', 'lifespan', 'limit', 'maximum', 'minimum', 'ratio', 'total']
['capital', 'colony', 'state', 'territory']
['captain', 'command', 'commander', 'officer', 'rank', 'sergeant']
['care', 'health', 'public', 'welfare']
['career', 'major', 'professional']
['carpet', 'cloth', 'fabric', 'fibre', 'garment', 'stitch']
['carriage', 'lorry', 'taxi', 'truck']
['cast']
['castle', 'garden', 'hotel', 'house', 'palace', 'villa']
['catalogue', 'collection', 'collector', 'library', 'volume']
['category', 'list']
['cathedral', 'chapel', 'church', 'hall']
['cattle', 'horse', 'sheep']
['cause', 'weakness']
['caution', 'discretion', 'faith', 'hearing', 'judgement', 'judgment']
['ceiling', 'curtain', 'deck', 'floor', 'pavement', 'roof']
['centre', 'facility']
['century']
['ceremony', 'prayer', 'ritual']
['certificate', 'course', 'curriculum']
['chain', 'garage', 'restaurant', 'shoe', 'shop', 'store']
['chair', 'chairman', 'director', 'executive', 'member', 'president', 'trustee']
['champion', 'championship', 'league', 'squad', 'team']
['chancellor', 'chief', 'commissioner', 'constable', 'councillor', 'deputy', 'governor', 'inspector', 'secretary']
['change', 'decline', 'ease', 'excess', 'gain', 'increase', 'reduction']
['chaos', 'darkness', 'rage', 'universe']
['character', 'position', 'role']
['charge', 'possession']
['charity', 'foundation', 'fund', 'initiative', 'institution', 'trust']
['chart']
['charter', 'clause', 'constitution', 'decree', 'rule', 'statute']
['check', 'glance', 'glimpse', 'look']
['chemical', 'reaction', 'response', 'shock']
['china', 'india', 'japan', 'kong', 'republic']
['choice', 'preference', 'priority']
['christ', 'jesus']
['circle', 'sphere']
['circumstance', 'conclusion', 'contradiction', 'expectation', 'fact', 'implication', 'impression', 'virtue']
['city', 'community', 'county', 'district', 'settlement', 'town', 'village']
['clash']
['class', 'grade', 'level']
['client', 'device', 'interaction', 'interface', 'mode', 'module', 'processor']
['cliff', 'hill', 'mountain', 'peak', 'ridge', 'summit', 'terrace']
['climate', 'weather']
['clinic', 'hospital', 'nurse']
['closure', 'collapse', 'destruction', 'rise']
['club', 'football', 'sport', 'youth']
['cluster', 'star']
['co-operation', 'communication', 'implementation', 'integration']
['coal', 'mine']
['coast', 'gulf', 'island', 'ocean', 'shore']
['coat', 'flag', 'seal', 'symbol']
['college', 'institute', 'school', 'university']
['column', 'headline', 'magazine', 'newspaper', 'press', 'strip']
['combination', 'mixture']
['comment', 'mistake', 'note', 'notice', 'remark', 'reply']
['commitment', 'contribution', 'loyalty', 'obligation', 'promise']
['companion', 'guide']
['company', 'corp', 'corporation', 'parent', 'subsidiary']
['comparison', 'connection', 'contrast', 'equivalent', 'relation', 'relative']
['compensation', 'payment', 'pension', 'subsidy']
['complexity', 'height', 'length', 'medium', 'shape', 'size', 'weight']
['compliance', 'safety', 'security']
['compromise', 'decision', 'petition', 'plan', 'proposal', 'proposition', 'recommendation', 'request', 'scheme', 'suggestion']
['computer', 'software', 'technology', 'video']
['conception', 'definition', 'doctrine', 'explanation', 'interpretation', 'nature']
['concert', 'festival', 'tour']
['concession', 'contract', 'lease']
['conduct', 'exercise', 'routine', 'schedule']
['conference', 'meeting']
['confidence', 'favour', 'hope', 'satisfaction']
['conflict', 'confusion', 'controversy', 'criticism', 'dispute', 'scandal', 'speculation', 'uncertainty']
['consensus', 'consideration', 'debate', 'discussion', 'matter', 'thread']
['consequence', 'result']
['constraint', 'limitation', 'requirement', 'restriction']
['consultant', 'expert', 'participant', 'researcher', 'scientist', 'specialist']
['consultation', 'negotiation']
['consumer', 'economy', 'exchange', 'market', 'stock']
['container', 'packet', 'shell']
['contempt', 'punishment']
['content', 'information', 'material', 'stuff']
['context', 'importance', 'significance']
['convention', 'delegate', 'delegation', 'representative', 'speaker']
['conversation', 'dialogue', 'discourse']
['conversion', 'replacement', 'transfer']
['corridor', 'lane', 'road', 'route', 'street', 'trail']
['cost', 'expense', 'price', 'risk']
['count', 'duke', 'earl', 'king', 'lord']
['counter', 'strategy', 'tactic', 'trick']
['country', 'nation']
['countryside']
['couple', 'handful', 'number', 'pair']
['courage', 'determination', 'honour', 'pride', 'skill', 'spirit', 'strength']
['cousin', 'daughter', 'marriage', 'sister', 'wife']
['cover', 'paper', 'plate', 'sheet', 'shelf']
['coverage']
['craft', 'landing']
['creation', 'establishment', 'formation', 'merger']
['creature', 'monster']
['crew']
['criterion', 'guideline', 'policy']
['critic', 'historian', 'scholar']
['crop', 'grain', 'seed', 'sugar']
['cross', 'knight']
['crown', 'succession']
['culture', 'history', 'language', 'literature', 'philosophy', 'poetry', 'politics', 'science']
['curiosity', 'enthusiasm', 'excitement', 'passion', 'reputation', 'success', 'sympathy', 'talent', 'thanks']
['current', 'official', 'present']
['curve', 'cycle', 'direction', 'path']
['custom', 'option', 'package', 'platform', 'premium']
['customer', 'product', 'vendor']
['damage', 'damages', 'harm', 'injury', 'loss']
['dance', 'music']
['danger', 'threat']
['database', 'file', 'register']
['date']
['datum', 'dimension', 'index', 'input', 'interval', 'object', 'parameter', 'variable']
['dawn']
['deal', 'respect', 'share']
['decade', 'month', 'week', 'year']
['defeat', 'triumph', 'victory']
['defender', 'forward', 'player', 'youngster']
['degree', 'doctor', 'master']
['delay']
['delight', 'pleasure', 'surprise']
['depth', 'depths', 'waters']
['description', 'outline']
['desk']
['diary', 'secret']
['difference', 'distinction']
['difficulty', 'trouble']
['dilemma', 'problem', 'situation']
['discipline', 'experience', 'expertise', 'insight', 'knowledge', 'understanding']
['distance', 'inch', 'metre', 'mile']
['division', 'promotion']
['domain']
['door', 'doorway', 'entrance', 'gate', 'stair', 'window']
['dose', 'exposure', 'sunlight']
['doubt', 'evidence', 'hint', 'proof']
['draft', 'entry']
['drama', 'feature', 'film', 'horror', 'movie']
['drawing', 'landscape', 'paint', 'painting']
['dream', 'ghost', 'stranger']
['driver', 'race', 'rider']
['dust', 'fire', 'flame', 'noise', 'smoke']
['duty', 'service']
['earth', 'horizon', 'moon', 'planet']
['east', 'middle', 'north', 'south', 'west']
['edition', 'journal', 'papers', 'print', 'proceedings', 'publication', 'publisher', 'review']
['education', 'instruction', 'study', 'teaching', 'training', 'writing']
['effect', 'impact', 'influence']
['electricity', 'energy', 'power', 'supply', 'wind']
['emotion', 'expression', 'feeling', 'imagination', 'impulse', 'instinct', 'laughter', 'mood', 'perception', 'sense', 'senses', 'stimulus']
['emperor', 'empire', 'kingdom']
['emphasis', 'focus']
['engine', 'fuel', 'tank']
['enquiry', 'inquiry', 'inspection', 'investigation', 'report']
['entity', 'group', 'membership', 'movement', 'organisation', 'organization']
['envelope', 'filter']
['episode', 'season']
['equipment', 'machinery', 'maintenance', 'supplies']
['essay', 'thesis']
['estate', 'land', 'ownership', 'property', 'stake']
['evolution', 'hypothesis', 'logic', 'theory']
['example', 'ideal', 'instance']
['exhibition', 'gallery', 'museum', 'workshop']
['existence', 'presence']
['expansion', 'extension', 'improvement']
['expedition', 'survey']
['experiment']
['export', 'import']
['extent', 'scale']
['failure', 'rejection', 'removal', 'withdrawal']
['farmer', 'miner', 'peasant', 'worker']
['field', 'practice', 'practitioner', 'profession']
['figure']
['final', 'opening', 'second']
['finding', 'search']
['flat', 'soil', 'surface']
['flavour', 'recipe', 'scent', 'smell', 'taste']
['flood', 'pollution', 'traffic', 'waste', 'water']
['flow', 'heat', 'pressure', 'temperature']
['flower', 'grass', 'leaf', 'tree']
['forest', 'park', 'reserve']
['fortune', 'gift', 'reward']
['freedom', 'independence', 'rights']
['frequency', 'intensity', 'sensitivity']
['front', 'wing']
['furniture', 'goods']
['future', 'prospect', 'prospects']
['gear', 'shaft', 'wheel']
['generation']
['gentleman', 'girl', 'people', 'person', 'teenager', 'woman']
['glove', 'mask', 'ring']
['goal', 'score']
['gold', 'medal']
['guitar', 'rhythm', 'soul']
['half', 'quarter']
['handle', 'lift', 'load']
['heap', 'pile']
['hero', 'leader', 'leadership', 'organiser', 'spokesman', 'supporter']
['hitler', 'marx']
['hold', 'holding']
['holiday']
['hook', 'neck', 'spine', 'waist', 'wound']
['horn', 'string']
['host', 'show']
['hour', 'minute', 'seconds']
['hundred', 'million', 'thousand']
['image', 'motion', 'photograph', 'picture', 'poster']
['individual', 'other']
['inhabitant', 'origin', 'trace']
['insect', 'plant', 'species', 'specimen']
['insider', 'interview']
['intelligence', 'personnel', 'staff', 'volunteer']
['invasion', 'occupation', 'operation', 'revolution']
['iraq', 'israel']
['ireland', 'scotland']
['isolation', 'strain', 'stress', 'tension']
['issue', 'subject', 'topic']
['italy', 'paris', 'rome']
['item', 'piece']
['joint', 'partnership', 'venture']
['joke', 'mess']
['journey', 'trip']
['kick', 'punch']
['killer']
['killing']
['kind', 'sort', 'type']
['kinnock', 'labour', 'tory']
['label', 'record', 'recording', 'session']
['laboratory', 'research', 'work']
['ladder', 'rope']
['lake', 'pond', 'salt']
['landlord', 'tenant']
['launch', 'space']
['layer']
['lead']
['leaflet']
['lecture', 'speech']
['left', 'right']
['lesson', 'pupil', 'resident', 'student', 'teacher']
['let', 'will']
['life', 'lifetime', 'living']
['link', 'links', 'reference']
['location', 'site']
['mail', 'operator', 'passenger', 'rail', 'train']
['majority', 'minority']
['manner', 'sound', 'tone', 'voice']
['mass', 'momentum']
['meaning', 'phrase', 'term', 'word']
['medicine', 'surgery']
['merit', 'warrant']
['moment', 'thing', 'time']
['monopoly', 'trading']
['moscow', 'russia', 'russian']
['mouth', 'needle', 'nose', 'tail']
['mystery', 'novel', 'plot', 'story', 'tale', 'truth']
['myth', 'tradition']
['name', 'title']
['objective', 'obstacle', 'purpose', 'task']
['occasion']
['offender', 'patient', 'treatment']
['open']
['oxford']
['pace', 'speed']
['pack']
['paragraph', 'sentence']
['part', 'portion', 'section', 'stretch']
['pass', 'receiver']
['past']
['penalty']
['performance', 'presentation', 'reception']
['period', 'phase']
['perspective', 'point', 'view']
['phenomenon', 'sensation', 'trend']
['phone', 'telephone']
['pillow', 'tent']
['place', 'spot']
['pole']
['poll', 'referendum', 'ticket', 'vote', 'voter']
['pool', 'table']
['portrait']
['potential', 'target']
['preparation', 'setting']
['prince', 'princess', 'queen']
['privilege', 'status']
['profile']
['program', 'programme', 'project', 'system']
['radio', 'television']
['rain', 'sand', 'snow']
['reader', 'viewer']
['reading']
['reality', 'series']
['remainder', 'rest', 'whole']
['remains']
['resolution']
['return', 'visit']
['ride', 'stand', 'walk', 'watch']
['river', 'stream', 'valley']
['root']
['scene']
['selection']
['separation', 'shift', 'transformation', 'transition']
['sight']
['square']
['stage', 'theatre']
['start', 'stop']
['statue', 'temple']
['storm']
['test', 'wicket']
['theme', 'tune']
['thinking', 'thought']
['tide']
['times']
['transport']
['trophy', 'winner']
['variation']
['washington', 'york']
['while', 'whilst']
