['dollar', 'dollar']
['formula', 'equation', 'formula']
['pound', 'pound']
['quote', 'comment', 'joke', 'note', 'remark']
['ability', 'commitment', 'courage', 'determination', 'failure', 'loyalty', 'refusal', 'tendency', 'willingness']
['absence', 'existence', 'lack', 'presence']
['abuse', 'action', 'discrimination', 'terror', 'violence']
['acceptance', 'admission', 'adoption', 'recognition', 'rejection', 'success']
['access', 'link', 'links', 'reference', 'trace']
['accident', 'collapse', 'crash', 'disaster', 'explosion', 'incident']
['accommodation', 'housing', 'shelter']
['account', 'editor', 'user']
['accountant', 'architect', 'doctor', 'lawyer', 'politician', 'servant', 'solicitor']
['accuracy', 'advantage', 'availability', 'capability', 'capacity', 'complexity', 'effectiveness', 'efficiency', 'quality', 'speed', 'stability']
['achievement', 'ambition', 'instinct', 'intention', 'motive']
['acid', 'compound', 'domain', 'gene', 'molecule', 'particle', 'protein', 'strand']
['acquisition', 'discovery', 'loss', 'merger', 'purchase', 'sale']
['acre', 'inch', 'metre', 'mile']
['activity', 'intervention', 'involvement', 'membership', 'participation', 'role']
['actor', 'artist', 'author', 'journalist', 'photographer', 'poet', 'producer', 'writer']
['adam', 'athelstan', 'joseph', 'luke', 'michael', 'mungo', 'patrick', 'paul', 'peter', 'scot', 'simon', 'thomas']
['addition', 'comparison', 'contrast']
['address', 'copy', 'document', 'file', 'report']
['administration', 'government', 'regime', 'rule']
['adult', 'female', 'male']
['advance', 'progress']
['advertisement', 'advertising', 'publicity']
['advice', 'direction', 'guidance']
['adviser', 'leader', 'organiser', 'participant', 'speaker', 'spokesman', 'supporter']
['affair', 'bond', 'connection', 'friendship', 'marriage', 'relation', 'relationship']
['africa', 'america', 'europe']
['afternoon', 'dawn', 'evening', 'morning', 'night', 'weekend']
['agency', 'charity', 'entity', 'group', 'institution', 'movement', 'organisation', 'organization']
['agenda', 'culture', 'doctrine', 'faction', 'hierarchy', 'identity', 'ideology', 'politics', 'religion']
['agent', 'boss', 'coach', 'manager', 'owner']
['agreement', 'contract', 'deal']
['aircraft', 'helicopter', 'missile', 'pilot', 'plane']
['airline', 'carrier']
['airport', 'clinic', 'hospital', 'prison']
['alarm', 'message', 'notice', 'warning']
['album', 'episode', 'song', 'track', 'tune']
['alcohol', 'chemical', 'drug', 'substance']
['alice', 'charlie', 'diana', 'emily', 'harry', 'jack', 'jane', 'kate', 'laura', 'lily', 'lucy', 'maggie', 'rachel', 'robyn', 'ruth', 'sarah', 'susan', 'tony', 'willie']
['allegation', 'argument', 'charge', 'claim', 'implication', 'offence', 'rumour', 'suspicion']
['alliance', 'coalition', 'partnership', 'union']
['allocation', 'budget', 'consumption', 'cost', 'expenditure', 'expense', 'investment', 'spending', 'surplus', 'waste']
['allowance', 'concession', 'dividend', 'grant', 'incentive', 'licence', 'monopoly', 'pension', 'premium', 'subsidy']
['ally', 'colleague', 'companion', 'friend', 'lover', 'neighbour']
['alternative', 'barrier', 'obstacle']
['ambassador', 'embassy', 'office']
['amendment', 'bill', 'clause', 'legislation']
['american', 'english', 'french', 'german', 'russian']
['amount', 'dose', 'excess', 'mass', 'quantity']
['analysis', 'calculation', 'evaluation', 'examination', 'identification', 'inspection', 'maintenance', 'measurement', 'observation', 'preparation', 'regulation', 'research', 'review', 'study', 'treatment']
['analyst', 'commentator', 'host', 'reporter']
['angel', 'ghost', 'killer', 'mouse', 'spirit']
['anger', 'anxiety', 'concern', 'confusion', 'disappointment', 'embarrassment', 'frustration', 'guilt', 'satisfaction', 'shock']
['angle', 'distance']
['animal', 'bird', 'fish', 'insect', 'prey']
['ankle', 'elbow', 'finger', 'hand', 'knee', 'shoulder', 'wicket']
['anna', 'anne', 'blanche', 'caroline', 'elizabeth', 'helen', 'isabel', 'lady', 'marie', 'mary']
['anniversary', 'birthday', 'holiday']
['announcement', 'constitution', 'declaration', 'resolution', 'statement', 'treaty']
['answer', 'question', 'reply']
['apartment', 'bathroom', 'bedroom', 'cupboard', 'garage', 'kitchen', 'room']
['appeal', 'case', 'complaint', 'objection', 'protest']
['appearance', 'delivery', 'demonstration', 'performance', 'presentation', 'reception', 'speech']
['apple', 'crop', 'fruit', 'grain', 'lamb', 'meat', 'potato', 'seed']
['applicant', 'defendant', 'offender', 'plaintiff', 'prosecution', 'witness']
['application', 'code', 'datum', 'implementation', 'interface', 'model', 'protocol', 'specification', 'standard']
['appointment', 'election', 'referendum']
['approach', 'attitude', 'behaviour', 'stance', 'tone']
['approval', 'consent', 'permission']
['april', 'february', 'june', 'march']
['architecture', 'design']
['area', 'countryside', 'province', 'region', 'zone']
['army', 'fleet', 'force', 'troops']
['arrangement', 'composition']
['array', 'cluster', 'variety']
['arrest', 'crime', 'killing', 'murder', 'suicide']
['arrival', 'departure', 'resignation', 'retirement', 'withdrawal']
['arrow', 'blade', 'fist', 'grip', 'mirror', 'needle', 'sword']
['article', 'entry', 'page']
['aspect', 'component', 'dimension', 'element', 'factor', 'ingredient']
['assault', 'attack', 'landing', 'raid', 'strike']
['assembly', 'conference', 'congress', 'convention']
['assessment', 'questionnaire', 'statistics', 'survey']
['asset', 'database', 'resource', 'source']
['assistance', 'ease', 'help', 'let']
['assistant', 'chief', 'deputy']
['association', 'league', 'society']
['assumption', 'conclusion', 'invitation', 'recommendation', 'request', 'suggestion']
['atmosphere', 'environment', 'space']
['attempt', 'campaign', 'effort']
['attention', 'coverage', 'exposure']
['attraction', 'date', 'location', 'origin', 'site']
['audience', 'crowd']
['auditor', 'clerk', 'commissioner', 'constable', 'councillor', 'judge', 'justice', 'magistrate', 'priest']
['australia', 'britain', 'england', 'france', 'kong']
['authority', 'jurisdiction']
['autumn', 'fall', 'spring', 'summer', 'winter']
['average', 'maximum', 'minimum', 'total']
['award', 'prize', 'trophy']
['awareness', 'consciousness', 'understanding']
['baby', 'child']
['back', 'forward']
['background', 'context', 'perspective', 'scope', 'setting']
['bacterium', 'cell', 'organism', 'species', 'specimen']
['baker', 'bell', 'clarke', 'cook', 'corbett', 'eliot', 'ford', 'graham', 'johnson', 'jones', 'kelly', 'knight', 'miller', 'smith', 'walker', 'williams', 'wright']
['balance', 'pressure', 'tension', 'uncertainty']
['ball', 'basket', 'bath', 'blanket', 'boot', 'brush', 'bucket', 'cigarette', 'glove', 'knife', 'nail', 'paint', 'plate', 'pocket', 'rope', 'shoe', 'towel']
['band', 'gang']
['bank', 'debt', 'insurance', 'lease', 'loan', 'mortgage', 'rent', 'stock']
['barrel', 'cable', 'container', 'filter', 'frame', 'shaft', 'tube', 'wire']
['base', 'building', 'camp', 'centre', 'complex', 'facility', 'headquarters', 'laboratory', 'station']
['basis', 'ground', 'grounds']
['battery', 'division', 'unit', 'wing']
['battle', 'clash', 'fight', 'fighting', 'hunt', 'struggle']
['beach', 'coast', 'shore']
['beam', 'emission', 'impulse', 'noise', 'pulse', 'signal', 'wave']
['beauty', 'comfort', 'excitement', 'laughter', 'silence', 'warmth', 'wealth']
['beer', 'bread', 'cake', 'champagne', 'coffee', 'cream', 'drink', 'juice', 'milk', 'wine']
['beginning', 'start', 'stop']
['being', 'meaning', 'means']
['belief', 'faith']
['belt', 'coat', 'dress', 'hair', 'mask', 'patch', 'skirt', 'strip', 'suit']
['bench', 'jury', 'panel']
['benefit', 'gain']
['benjamin', 'charles', 'david', 'edward', 'francis', 'george', 'henry', 'james', 'john', 'mark', 'nigel', 'philip', 'richard', 'robert', 'stephen', 'william']
['best']
['bias', 'breach', 'circumstance', 'compromise', 'conflict', 'contradiction', 'difference', 'distinction', 'weakness']
['bible', 'script', 'text']
['bike', 'tank', 'vehicle']
['birth', 'death', 'destruction', 'fate']
['bishop', 'chancellor', 'governor']
['black', 'brown', 'green', 'white']
['block', 'caution', 'injunction', 'remedy', 'sanction']
['blood', 'breath', 'flesh', 'sleep', 'smoke', 'sweat']
['blow', 'kick', 'pass', 'punch', 'shot']
['board', 'committee', 'council', 'department', 'parliament']
['boat', 'craft', 'ship', 'vessel']
['body', 'coffin', 'corpse', 'grave', 'remains', 'statue']
['bomb', 'camera', 'chip', 'clock', 'computer', 'device', 'machine', 'module', 'processor', 'tool', 'weapon']
['bone', 'brain', 'muscle', 'nerve', 'tissue', 'tooth']
['book', 'film', 'movie', 'novel', 'poem']
['boom', 'crisis', 'depression', 'recession', 'shortage']
['border', 'boundary']
['bottle', 'penny', 'pint', 'slice', 'tonne']
['bottom', 'waist']
['bowl']
['branch', 'chapter', 'section']
['brand', 'product']
['break', 'crack', 'tear']
['breakfast', 'diet', 'dinner', 'dish', 'food', 'lunch', 'meal', 'prayer', 'recipe']
['breast', 'chest', 'chin', 'face', 'forehead', 'head', 'mouth', 'neck', 'nose', 'skin', 'stomach', 'tail', 'throat', 'tongue']
['breeze', 'rain', 'tide', 'wind']
['brick', 'glass', 'stone', 'wood']
['bridge', 'canal', 'tunnel']
['brother', 'cousin', 'daughter', 'father', 'sister']
['brow', 'corner', 'edge', 'foot', 'side']
['bulk', 'majority']
['bull', 'cattle', 'horse', 'sheep']
['bullet', 'shell']
['burden', 'duty', 'liability', 'obligation', 'responsibility']
['bush', 'clinton', 'gorbachev', 'hitler', 'kinnock', 'marx', 'party', 'thatcher']
['business', 'economy', 'industry', 'market', 'profession', 'scene', 'sector']
['button', 'menu']
['buyer', 'consumer', 'customer', 'investor', 'purchaser', 'seller']
['cabinet', 'treasury']
['call', 'hold', 'holding']
['cancer', 'disease', 'infection', 'stroke', 'surgery']
['candidate', 'enemy', 'opponent']
['candle', 'fire', 'flame', 'lamp', 'light', 'mist', 'sunlight', 'torch']
['capital', 'city', 'county']
['captain', 'commander', 'inspector', 'officer', 'sergeant']
['card', 'certificate', 'cheque', 'deposit', 'gift', 'letter', 'packet', 'receipt', 'ticket', 'transaction']
['care']
['career', 'popularity', 'reputation']
['carpet', 'desk', 'downstairs', 'pillow', 'shelf', 'sofa', 'table', 'tent', 'tray']
['carriage', 'lorry', 'taxi', 'train', 'truck']
['cash', 'money']
['cast']
['castle', 'palace', 'temple', 'villa']
['catalogue', 'edition', 'version', 'volume']
['category', 'index', 'list', 'register']
['cathedral', 'chapel', 'church', 'hall']
['cause', 'characteristic', 'defect', 'disorder', 'stimulus', 'symptom']
['ceiling', 'deck', 'floor', 'pavement', 'roof']
['century', 'decade', 'period', 'season']
['ceremony', 'concert', 'festival', 'ritual']
['chain', 'channel', 'network', 'service', 'system']
['chair', 'chairman', 'director', 'executive', 'member', 'president', 'trustee']
['challenge', 'competition', 'contest', 'poll']
['chamber']
['champion', 'title', 'winner']
['championship', 'final', 'game', 'match', 'open', 'round', 'tournament']
['chance', 'fact', 'opportunity', 'option', 'possibility', 'prospect', 'prospects']
['change', 'shift', 'switch', 'transition']
['chaos', 'darkness', 'panic']
['character', 'personality', 'voice']
['chart']
['charter', 'decree', 'directive', 'order', 'statute']
['check', 'lock', 'search', 'test', 'watch']
['cheek', 'eyebrow', 'heel', 'joint', 'limb', 'sleeve', 'spine', 'thigh', 'thumb', 'wrist']
['china', 'germany', 'india', 'iraq', 'israel', 'italy', 'japan', 'russia', 'spain']
['choice', 'selection']
['christ', 'jesus']
['christian', 'conservative', 'democrat', 'labour', 'tory']
['circle', 'sphere']
['circuit']
['citizen', 'inhabitant', 'resident']
['class', 'generation']
['client', 'creditor', 'employer', 'holder', 'landlord', 'parent', 'shareholder', 'tenant', 'voter']
['cliff', 'hill', 'island', 'mountain', 'peak', 'ridge', 'slope', 'summit']
['climate', 'landscape', 'weather']
['closure', 'completion', 'opening', 'removal']
['cloth', 'fabric', 'fibre', 'garment']
['clothes', 'collar', 'jacket', 'shirt', 'trousers', 'uniform']
['cloud', 'heap', 'nest', 'pile']
['club', 'squad', 'team']
['co-operation', 'compliance', 'consultation', 'negotiation']
['coal', 'gold', 'goods', 'sugar']
['coin', 'currency']
['collection', 'exhibition', 'gallery', 'library', 'museum', 'theatre']
['collector', 'dealer', 'farmer', 'miner', 'peasant']
['college', 'school', 'university']
['colony', 'land', 'territory']
['colour', 'flavour', 'scent', 'smell', 'sound', 'taste']
['column', 'envelope', 'fragment', 'leaflet', 'sheet']
['combination', 'mixture']
['command', 'leadership', 'management']
['commission', 'court', 'tribunal']
['communication', 'contact', 'interaction']
['community', 'settlement', 'town', 'village']
['company', 'corp', 'corporation', 'firm', 'label', 'subsidiary']
['compensation', 'payment', 'punishment', 'relief', 'reward']
['competitor', 'rival']
['concentration', 'emphasis', 'focus']
['concept', 'conception', 'hypothesis', 'idea', 'notion', 'phenomenon', 'premise', 'principle', 'theme']
['condition', 'demand', 'expectation', 'norm', 'provision', 'requirement']
['conduct', 'custom', 'exercise', 'practice', 'teaching']
['confidence', 'contempt', 'curiosity', 'enthusiasm', 'passion', 'respect', 'sympathy', 'talent']
['consensus', 'consideration', 'debate', 'discussion', 'talk', 'thread']
['consequence', 'outcome', 'result']
['constituency', 'seat', 'ward']
['constraint', 'interval', 'limitation', 'parameter', 'restriction', 'variable']
['construction', 'development', 'distribution', 'evolution', 'growth', 'integration', 'production']
['consultant', 'expert', 'professional', 'specialist']
['content', 'contents', 'material']
['continent', 'country', 'nation', 'state']
['contribution', 'reaction', 'response', 'solution']
['control', 'ownership', 'possession']
['controversy', 'criticism', 'dispute', 'scandal', 'speculation']
['conversation', 'dialogue', 'discourse', 'interview']
['conversion', 'independence', 'isolation', 'separation', 'transformation']
['conviction', 'trial']
['core', 'framework', 'platform', 'structure']
['corridor', 'path', 'route', 'stretch', 'trail']
['cottage', 'flat', 'home', 'house']
['count', 'duke', 'earl']
['counter', 'delay', 'limit']
['couple', 'handful', 'minority', 'number', 'pair', 'plenty']
['course', 'curriculum', 'experiment', 'initiative', 'program', 'programme', 'project', 'schedule', 'series']
['cover', 'image', 'photograph', 'picture', 'portrait', 'poster', 'print', 'sample']
['creation', 'establishment', 'formation']
['creature', 'monster', 'rabbit']
['credit']
['crew']
['criterion', 'guideline', 'policy']
['critic', 'historian']
['cross']
['crown', 'emperor', 'king', 'pope', 'queen']
['current', 'present']
['curtain', 'fence', 'pole', 'wall']
['curve', 'function']
['cycle', 'habit', 'pattern', 'sequence', 'trend']
['damage', 'damages', 'harm']
['dance', 'drive', 'ride', 'walk']
['dancer', 'defender', 'player', 'teenager', 'youngster']
['danger', 'risk', 'threat']
['decision', 'discretion', 'judgement', 'judgment', 'opinion', 'verdict']
['decline', 'rise', 'rose']
['defeat', 'pursuit', 'triumph', 'victory']
['defence', 'intelligence', 'protection', 'safety', 'security']
['deficit', 'employment', 'inequality', 'inflation', 'pollution', 'poverty', 'unemployment']
['definition', 'description', 'explanation', 'introduction', 'outline', 'representation', 'signature']
['degree', 'extent']
['delegate', 'delegation', 'representative']
['delight', 'surprise']
['democracy', 'freedom', 'revolution', 'unity']
['depth', 'detail', 'level']
['depths']
['designer', 'developer', 'maker', 'manufacturer', 'operator', 'supplier', 'vendor']
['desire', 'dream', 'hope', 'need', 'preference', 'promise', 'wish']
['detective', 'nurse', 'police', 'policeman', 'soldier', 'thief']
['diary', 'myth', 'plot', 'story', 'tale']
['difficulty', 'trouble']
['dilemma', 'issue', 'problem', 'reality', 'situation', 'tragedy']
['disc', 'disk', 'tape', 'video']
['discipline', 'history', 'logic', 'medicine', 'philosophy', 'science', 'theory', 'tradition']
['display', 'show']
['district']
['door', 'doorway', 'entrance', 'gate', 'tower', 'window']
['doubt', 'fear', 'rage']
['draft', 'offer', 'petition', 'plan', 'proposal', 'proposition', 'scheme']
['drama', 'horror', 'mystery']
['draw', 'drawing', 'painting']
['driver', 'rider']
['drop', 'lift', 'roll', 'slide']
['dust', 'grass', 'salt', 'sand', 'snow', 'soil']
['earnings', 'fortune', 'income', 'profit', 'revenue', 'salary', 'savings', 'turnover', 'wages']
['earth', 'moon', 'planet', 'universe']
['east', 'north', 'south', 'west']
['education', 'instruction', 'lesson', 'training']
['effect', 'impact', 'influence']
['electricity', 'energy', 'heat', 'momentum', 'power']
['emotion', 'expression', 'imagination', 'mood', 'rhythm', 'sensation']
['empire', 'kingdom', 'republic']
['employee', 'insider', 'official', 'volunteer', 'worker']
['engine', 'motor', 'wheel']
['engineer', 'fellow', 'researcher', 'scholar', 'scientist']
['enquiry', 'inquiry', 'investigation', 'proceedings']
['enterprise', 'venture']
['equipment', 'furniture', 'gear', 'machinery']
['equivalent', 'matter', 'subject', 'topic']
['error', 'fault', 'mistake']
['essay', 'lecture', 'thesis']
['estate', 'farm', 'property']
['estimate', 'measure']
['event', 'race']
['evidence', 'proof']
['example', 'instance', 'occasion']
['exchange', 'return']
['expansion', 'extension']
['expedition', 'journey', 'passage', 'tour', 'trip', 'visit']
['experience', 'expertise', 'insight', 'interest', 'knowledge', 'skill']
['export', 'import', 'transport']
['factory', 'mill', 'plant', 'studio', 'workshop']
['family', 'household']
['fashion', 'manner', 'nature', 'succession', 'vein']
['favour', 'form', 'shape']
['feature', 'headline']
['feeling', 'finding', 'reading', 'thinking', 'thought', 'writing']
['field']
['figure', 'gesture', 'sign', 'symbol']
['finance', 'fund', 'reform']
['flag', 'seal']
['flight']
['flood', 'storm']
['flow', 'stream']
['flower', 'leaf', 'palm', 'root', 'stem', 'tree']
['football', 'sport']
['forest', 'park', 'reserve']
['format', 'pack', 'package', 'portfolio']
['foundation', 'institute']
['fraction', 'margin', 'percentage', 'proportion']
['frequency', 'intensity', 'scale', 'sensitivity', 'strength', 'temperature']
['front']
['fuel']
['future', 'past']
['garden', 'hole', 'lake', 'pond', 'pool', 'yard']
['gaze', 'sight']
['gentleman', 'girl', 'stranger', 'woman']
['glance', 'glimpse', 'hint', 'look', 'view']
['glory', 'happiness', 'love', 'peace', 'pleasure', 'truth']
['goal', 'ideal', 'objective']
['grade', 'rank']
['grin', 'kiss', 'laugh', 'sigh', 'smile', 'touch']
['guard', 'receiver']
['guest']
['guide']
['guitar', 'horn', 'instrument', 'organ']
['gulf', 'ocean']
['half', 'middle', 'quarter']
['handle', 'hook', 'stick']
['health', 'survival', 'welfare']
['hearing', 'meeting', 'rally', 'session']
['heart', 'soul']
['heaven', 'hell']
['height', 'length', 'size', 'weight']
['hero', 'star']
['honour', 'privilege', 'right', 'rights']
['horizon']
['hostility', 'opposition', 'resistance']
['hotel', 'restaurant', 'shop', 'store']
['hour', 'minute', 'seconds']
['howard', 'jackson', 'lewis', 'martin', 'morgan', 'scott', 'taylor', 'wilson']
['human']
['hundred', 'million', 'thousand']
['husband', 'mother', 'wife']
['illness', 'injury', 'wound']
['importance', 'price', 'significance', 'validity', 'value']
['impression', 'interpretation', 'memory', 'perception', 'reflection', 'vision']
['improvement', 'increase', 'recovery', 'reduction', 'variation']
['incidence', 'pace', 'rate', 'ratio']
['individual', 'people', 'person']
['information', 'mess', 'stuff', 'thing']
['innovation', 'software', 'technology']
['input', 'output']
['interior']
['invasion', 'occupation']
['ireland', 'scotland', 'wales']
['item', 'object', 'piece']
['journal', 'magazine', 'news', 'newspaper', 'paper', 'papers']
['kind', 'sort', 'type']
['knot', 'stitch']
['ladder', 'stair', 'terrace']
['lane', 'road', 'square', 'street']
['language', 'name', 'phrase', 'term', 'word']
['launch', 'release']
['layer', 'pitch', 'surface']
['lead']
['leeds', 'liverpool', 'london', 'oxford']
['left']
['life', 'lifespan', 'lifetime']
['line', 'rail', 'railway']
['literature', 'music', 'poetry', 'verse']
['living']
['load', 'pain', 'strain', 'stress']
['lord', 'prince', 'princess']
['mail', 'phone', 'telephone']
['major']
['master', 'practitioner', 'teacher']
['mechanism', 'method', 'mode', 'procedure', 'process', 'routine', 'strategy', 'style', 'tactic', 'technique']
['medal']
['media', 'press']
['medium']
['merit', 'warrant']
['metal', 'rock']
['mind']
['mine']
['minister', 'ministry', 'secretary']
['mission', 'operation', 'priority', 'task']
['moment', 'point', 'time']
['month', 'week', 'year']
['moscow', 'paris', 'rome']
['motion']
['move', 'step', 'transfer', 'turn']
['necessity', 'virtue']
['observer', 'traveller', 'visitor']
['other', 'potential']
['paragraph', 'penalty', 'sentence']
['part', 'portion', 'whole']
['partner']
['passenger', 'tourist', 'traffic']
['patient', 'target', 'victim']
['personnel', 'staff']
['phase', 'screen', 'stage']
['pipe', 'string']
['place', 'spot']
['planning']
['play', 'work']
['population']
['port']
['position', 'post']
['pride']
['prime']
['prisoner', 'rebel', 'refugee']
['profile']
['promotion', 'qualification']
['public', 'reader', 'viewer']
['publication', 'publisher']
['pupil', 'relative', 'student']
['purpose', 'reason']
['radio', 'television']
['range', 'spectrum']
['rating', 'status']
['record', 'recording']
['remainder', 'rest']
['replacement', 'successor']
['ring']
['river', 'valley']
['score']
['second']
['secret']
['self']
['sense', 'senses']
['shadow']
['share', 'stake']
['spell']
['spread']
['stand']
['supplies', 'supply']
['support']
['thanks']
['tile']
['times']
['trade', 'trading']
['trap', 'trick']
['trust']
['virus']
['vote']
['washington', 'york']
['water', 'waters']
['while']
['whilst']
['will']
['world']
['worth']
['youth']
