['dollar', 'coin', 'currency', 'dollar']
['formula', 'equation', 'ford', 'formula', 'model', 'rally']
['pound', 'acre', 'metre', 'mile', 'pound']
['quote', 'article', 'category', 'chapter', 'clause', 'page', 'paragraph', 'section', 'sentence', 'volume']
['ability', 'ambition', 'capability', 'difficulty', 'discipline', 'experience', 'expertise', 'lesson', 'master', 'professional', 'senses', 'skill', 'talent']
['absence', 'criticism', 'destruction', 'discrimination', 'failure', 'isolation', 'lack', 'rejection', 'removal', 'resignation', 'withdrawal']
['abuse', 'drug', 'offender', 'patient', 'person', 'victim', 'witness']
['acceptance', 'admission', 'adoption', 'approval', 'expression', 'popularity', 'promotion', 'recognition']
['access', 'button', 'check', 'connection', 'link', 'links', 'reference']
['accident', 'boom', 'crash', 'crisis', 'disaster', 'experiment', 'explosion', 'incident', 'phenomenon', 'recession', 'scandal', 'tragedy']
['accommodation', 'housing', 'living', 'shelter', 'space', 'tourist']
['account', 'alternative', 'description', 'evidence', 'explanation', 'list', 'motive', 'outline', 'proof', 'reason', 'remedy']
['accountant', 'analyst', 'commentator', 'consultant', 'critic', 'engineer', 'expert', 'historian', 'lawyer', 'practitioner', 'reporter', 'researcher', 'resident', 'scholar', 'scientist', 'specialist', 'student', 'teacher']
['accuracy', 'balance', 'complexity', 'ease', 'effectiveness', 'efficiency', 'quality', 'reputation', 'scope', 'sensitivity', 'speed', 'stability', 'survival']
['achievement', 'award', 'best', 'honour', 'lifetime', 'medal', 'prize', 'trophy']
['acid', 'bacterium', 'insect', 'molecule', 'organism', 'protein', 'species', 'specimen', 'strain', 'substance', 'virus']
['acquisition', 'closure', 'collapse', 'creation', 'establishment', 'expansion', 'formation', 'joint', 'merger', 'opening', 'parent']
['action', 'assault', 'attack', 'battle', 'clash', 'fight', 'fighting', 'raid', 'struggle']
['activity', 'attitude', 'behaviour', 'conduct', 'evolution', 'habit', 'manner', 'mood', 'pattern', 'personality', 'situation', 'trend']
['actor', 'architect', 'artist', 'designer', 'journalist', 'maker', 'observer', 'photographer', 'producer', 'traveller']
['adam', 'kelly', 'luke', 'mark', 'martin', 'michael', 'mungo', 'patrick', 'paul', 'peter', 'scot', 'simon', 'tony']
['addition', 'comparison', 'contrast', 'difference', 'relation', 'relative', 'search']
['address', 'answer', 'comment', 'letter', 'message', 'note', 'notice', 'post', 'reaction', 'remark', 'reply', 'response', 'talk', 'warning']
['administration', 'authority', 'cabinet', 'capital', 'defence', 'election', 'embassy', 'government', 'ministry', 'opposition', 'parliament', 'prime', 'public', 'republic', 'state', 'treasury', 'university']
['adult', 'female', 'guest', 'individual', 'male']
['advance', 'back', 'blow', 'break', 'draw', 'drop', 'kick', 'lift', 'motion', 'move', 'shift', 'start', 'step', 'stop', 'strike', 'switch']
['advantage', 'defeat', 'loss', 'success', 'triumph', 'victory']
['advertisement', 'advertising', 'fashion', 'media', 'publicity']
['advice', 'assistance', 'control', 'direction', 'guidance', 'leadership']
['adviser', 'ambassador', 'assistant', 'auditor', 'commissioner', 'delegate', 'department', 'deputy', 'governor', 'inspector', 'minister', 'representative', 'secretary', 'spokesman', 'successor']
['affair', 'friendship', 'relationship']
['africa', 'america', 'australia', 'china', 'coast', 'continent', 'gulf', 'india', 'wales']
['afternoon', 'evening', 'morning', 'night', 'weekend']
['agency', 'charity', 'entity', 'group', 'institution', 'movement', 'nation', 'organisation', 'organization']
['agenda', 'approach', 'background', 'bias', 'context', 'emphasis', 'focus', 'gaze', 'identity', 'impact', 'insight', 'interpretation', 'perspective', 'profile', 'reality', 'reflection', 'stance', 'thinking', 'view', 'vision']
['agent', 'constable', 'detective', 'doctor', 'girl', 'knight', 'nurse', 'police', 'policeman', 'priest', 'prisoner', 'soldier', 'teenager', 'thief', 'woman']
['agreement', 'arrangement', 'compromise', 'deal', 'negotiation', 'partnership', 'plan', 'treaty', 'venture']
['aircraft', 'airline', 'boat', 'carrier', 'craft', 'expedition', 'fleet', 'flight', 'helicopter', 'missile', 'mission', 'plane', 'ship', 'vessel']
['airport', 'area', 'chamber', 'constituency', 'district', 'population', 'region', 'territory', 'zone']
['alarm', 'alcohol', 'cigarette', 'dust', 'emission', 'exposure', 'flame', 'noise', 'smell', 'smoke', 'sweat', 'tear']
['album', 'band', 'cast', 'label', 'recording', 'rock', 'song', 'squad']
['alice', 'anna', 'anne', 'blanche', 'caroline', 'charlie', 'diana', 'elizabeth', 'emily', 'helen', 'isabel', 'jane', 'kate', 'laura', 'lily', 'lucy', 'maggie', 'marie', 'mary', 'penny', 'rachel', 'robyn', 'ruth', 'sarah', 'susan']
['allegation', 'argument', 'charge', 'claim', 'complaint', 'issue', 'objection', 'question', 'rumour', 'speculation', 'statement', 'subject', 'topic']
['alliance', 'coalition', 'faction', 'party']
['allocation', 'allowance', 'budget', 'consumption', 'cost', 'deficit', 'expenditure', 'expense', 'finance', 'household', 'inflation', 'revenue', 'spending', 'subsidy', 'surplus']
['ally', 'career', 'colleague', 'companion', 'fellow', 'friend', 'neighbour', 'opponent', 'partner', 'pupil', 'rival', 'servant', 'supporter']
['amendment', 'barrier', 'block', 'draft', 'limit', 'limitation', 'regulation', 'restriction', 'sanction']
['american', 'english', 'french', 'german', 'rebel', 'russian']
['amount', 'bulk', 'concentration', 'degree', 'dose', 'extent', 'fraction', 'number', 'percentage', 'plenty', 'proportion', 'quantity', 'ratio', 'scale', 'share', 'total']
['analysis', 'assessment', 'calculation', 'development', 'estimate', 'evaluation', 'examination', 'identification', 'management', 'measurement', 'observation', 'research', 'review', 'selection', 'study', 'test']
['angel', 'chaos', 'darkness', 'dawn', 'earth', 'heaven', 'hell', 'monster', 'moon', 'rage', 'shadow', 'silence', 'stranger', 'terror', 'universe']
['anger', 'anxiety', 'caution', 'concern', 'confusion', 'controversy', 'curiosity', 'disappointment', 'embarrassment', 'excitement', 'fear', 'frustration', 'guilt', 'hostility', 'pain', 'panic', 'stress', 'surprise', 'suspicion', 'tension', 'trouble', 'uncertainty']
['angle', 'boundary', 'curve', 'edge', 'fault', 'ground', 'horizon', 'ocean', 'peak', 'pitch', 'shelf', 'shore', 'side', 'slope', 'surface']
['animal', 'human']
['ankle', 'brow', 'chest', 'chin', 'elbow', 'eyebrow', 'face', 'forehead', 'heel', 'hook', 'horn', 'knee', 'neck', 'nose', 'pocket', 'shoulder', 'spine', 'tail', 'thigh', 'throat', 'thumb', 'waist', 'wound', 'wrist']
['anniversary', 'arrival', 'beginning', 'completion', 'departure', 'discovery', 'introduction', 'invasion', 'landing', 'launch', 'left', 'release', 'retirement', 'return']
['announcement', 'appointment', 'candidate', 'choice', 'consensus', 'consent', 'decision', 'invitation', 'name', 'opinion', 'permission', 'preference', 'proposal', 'recommendation', 'request', 'suggestion', 'vote']
['apartment', 'bathroom', 'bedroom', 'cottage', 'downstairs', 'garage', 'home', 'hotel', 'kitchen', 'nest', 'office', 'restaurant', 'room', 'shop', 'store', 'studio']
['appeal', 'arrest', 'conviction', 'judgement', 'judgment', 'offence', 'penalty', 'possession', 'prosecution', 'punishment', 'trial', 'verdict']
['appearance', 'demonstration', 'design', 'display', 'lecture', 'performance', 'presentation', 'reception', 'speech']
['apple', 'coffee', 'crop', 'fish', 'fruit', 'grain', 'grass', 'potato', 'seed', 'sugar']
['applicant', 'brand', 'buyer', 'competitor', 'creditor', 'dealer', 'defendant', 'employer', 'holder', 'landlord', 'manufacturer', 'operator', 'owner', 'plaintiff', 'purchase', 'purchaser', 'sale', 'seller', 'stake', 'supplier', 'tenant', 'transaction', 'vendor']
['application', 'client', 'database', 'enterprise', 'entry', 'extension', 'framework', 'implementation', 'offer', 'product', 'software', 'solution', 'source']
['april', 'february', 'june', 'march']
['architecture', 'bible', 'culture', 'history', 'language', 'literature', 'medicine', 'origin', 'philosophy', 'poetry', 'politics', 'religion', 'science', 'tradition', 'work', 'writing']
['army', 'captain', 'command', 'commander', 'headquarters', 'leader', 'officer', 'pilot', 'pursuit', 'rank', 'sergeant']
['array', 'chemical', 'cluster', 'combination', 'couple', 'form', 'handful', 'medium', 'mixture', 'pair', 'pile', 'range', 'type', 'variety', 'version']
['arrow', 'ball', 'bullet', 'fist', 'knife', 'mask', 'pillow', 'ritual', 'seal', 'spell', 'sword', 'torch', 'weapon']
['aspect', 'component', 'datum', 'dimension', 'element', 'factor', 'feature', 'ingredient', 'item', 'layer', 'object', 'parameter', 'phase', 'role', 'symbol', 'unit']
['assembly', 'board', 'commission', 'committee', 'congress', 'council', 'delegation', 'panel', 'tribunal']
['asset', 'consumer', 'developer', 'employee', 'firm', 'insider', 'investment', 'investor', 'shareholder']
['association', 'foundation', 'institute', 'society', 'union']
['assumption', 'belief', 'concept', 'conception', 'conclusion', 'definition', 'doctrine', 'expectation', 'fact', 'hypothesis', 'idea', 'ideology', 'implication', 'impression', 'meaning', 'norm', 'notion', 'premise', 'principle', 'proposition', 'sense', 'theory', 'thought']
['athelstan', 'benjamin', 'bill', 'charles', 'david', 'edward', 'eliot', 'francis', 'george', 'harry', 'henry', 'jack', 'james', 'john', 'joseph', 'nigel', 'philip', 'richard', 'robert', 'stephen', 'thomas', 'william', 'willie']
['atmosphere', 'climate', 'environment', 'resource', 'setting']
['attempt', 'commitment', 'determination', 'refusal', 'tendency', 'willingness']
['attention', 'confidence', 'contempt', 'favour', 'help', 'loyalty', 'respect', 'support', 'sympathy', 'thanks', 'trust']
['attraction', 'base', 'building', 'camp', 'centre', 'clinic', 'complex', 'facility', 'field', 'hospital', 'laboratory', 'mine', 'plant', 'site', 'station', 'yard']
['audience', 'camera', 'crowd', 'customer', 'reader', 'screen', 'user', 'viewer', 'visitor', 'voter']
['author', 'editor', 'host', 'poet', 'publisher', 'writer']
['autumn', 'fall', 'spring', 'summer', 'winter']
['availability', 'construction', 'delivery', 'duty', 'exercise', 'maintenance', 'planning', 'preparation', 'replacement', 'routine', 'traffic', 'training']
['average', 'rating', 'record', 'score', 'wicket']
['awareness', 'consciousness', 'faith', 'finding', 'imagination', 'influence', 'interest', 'knowledge', 'mind', 'perception', 'understanding']
['baby', 'body', 'coffin', 'corpse', 'creature', 'grave', 'heap', 'jesus', 'prey', 'remains', 'soul']
['baker', 'bell', 'clarke', 'clinton', 'cook', 'corbett', 'grant', 'howard', 'hunt', 'jackson', 'johnson', 'jones', 'kinnock', 'miller', 'morgan', 'scott', 'smith', 'taylor', 'thatcher', 'walker', 'williams', 'wilson', 'wright']
['bank', 'credit', 'debt', 'estate', 'insurance', 'loan', 'mortgage', 'portfolio', 'property', 'savings', 'stock']
['barrel', 'circuit', 'envelope', 'lock', 'pipe', 'sheet', 'slide', 'strand', 'tube']
['basis', 'burden', 'circumstance', 'consequence', 'contradiction', 'distinction', 'error', 'grounds', 'ideal', 'instinct', 'matter', 'merit', 'mistake', 'necessity', 'objective', 'profession', 'purpose', 'truth', 'virtue']
['basket', 'belt', 'blanket', 'carpet', 'cloth', 'fabric', 'furniture', 'garment', 'glove', 'gold', 'rope', 'shoe', 'sofa', 'towel']
['bath', 'leeds', 'liverpool', 'london', 'oxford', 'reading']
['battery', 'demand', 'distribution', 'flow', 'shortage', 'supplies', 'supply', 'transport', 'waste']
['beach', 'cliff', 'east', 'hill', 'island', 'mountain', 'north', 'ridge', 'south', 'summit', 'west']
['beam', 'generation', 'mass', 'particle', 'pulse', 'shock', 'string', 'wave']
['beauty', 'comfort', 'courage', 'delight', 'emotion', 'enthusiasm', 'feeling', 'glory', 'happiness', 'laughter', 'love', 'passion', 'pleasure', 'pride', 'satisfaction', 'sensation', 'taste', 'touch', 'warmth', 'wealth']
['beer', 'bread', 'cake', 'cream', 'diet', 'dish', 'drink', 'flavour', 'food', 'juice', 'meat', 'milk', 'recipe', 'salt', 'wine']
['being', 'drawing', 'hold', 'holding']
['bench', 'clerk', 'councillor', 'court', 'hearing', 'judge', 'jury', 'justice', 'magistrate', 'solicitor']
['benefit', 'breach', 'compensation', 'damages', 'liability', 'major', 'responsibility']
['bike', 'bomb', 'carriage', 'container', 'driver', 'lorry', 'motor', 'passenger', 'rail', 'tank', 'taxi', 'train', 'truck', 'vehicle']
['bird', 'bush', 'flower', 'knot', 'palm', 'tree']
['birth', 'rise', 'rose', 'spread']
['birthday', 'cousin', 'daughter', 'lady', 'mother', 'princess', 'queen', 'sister', 'wife']
['bishop', 'chancellor', 'crown', 'hitler', 'pope']
['black', 'brown', 'green', 'white']
['blade', 'grip', 'leaf', 'needle', 'pack', 'punch', 'root', 'shaft', 'stitch', 'tooth', 'wheel']
['blood', 'breast', 'brush', 'colour', 'flesh', 'hair', 'mouth', 'patch', 'scent', 'skin', 'tone', 'tongue']
['bond', 'dividend', 'earnings', 'fund', 'incentive', 'income', 'inequality', 'premium', 'price', 'priority', 'profit', 'rate', 'register', 'salary', 'turnover', 'value', 'wages']
['bone', 'brain', 'cell', 'gene', 'heart', 'limb', 'memory', 'mouse', 'muscle', 'nerve', 'organ', 'self', 'stem', 'stomach', 'tissue']
['book', 'diary', 'essay', 'novel', 'phrase', 'poem', 'script', 'text', 'theme', 'thesis', 'tune', 'verse', 'word']
['boot', 'disc', 'disk', 'guitar', 'tape', 'track']
['border', 'lake', 'pond', 'river', 'stream', 'valley']
['boss', 'character', 'figure', 'ghost', 'hero', 'rider', 'spirit', 'star', 'voice', 'world']
['bottle', 'bucket', 'champagne', 'inch', 'pint', 'quarter', 'second', 'slice', 'tonne', 'tray']
['bottom', 'brick', 'ceiling', 'cross', 'deck', 'fence', 'flat', 'floor', 'front', 'pavement', 'roof', 'square', 'tile', 'wing']
['bowl', 'champion', 'championship', 'competition', 'conference', 'event', 'final', 'game', 'match', 'play', 'round', 'season', 'team', 'title', 'tour', 'tournament', 'winner']
['branch', 'corner', 'fragment', 'half', 'majority', 'margin', 'part', 'passage', 'piece', 'portion', 'remainder', 'rest', 'stretch']
['breakfast', 'dinner', 'holiday', 'lunch', 'meal', 'sleep']
['breath', 'grin', 'means', 'sigh']
['breeze', 'cloud', 'fire', 'flood', 'mist', 'rain', 'snow', 'storm', 'sunlight', 'tide', 'weather', 'wind']
['bridge', 'canal', 'port', 'railway', 'tunnel']
['britain', 'england', 'europe', 'france', 'germany', 'iraq', 'ireland', 'israel', 'italy', 'japan', 'kingdom', 'kong', 'rome', 'russia', 'scotland', 'spain']
['brother', 'child', 'family', 'father', 'husband', 'lover', 'marriage']
['bull', 'cattle', 'horse', 'lamb', 'rabbit', 'sheep']
['business', 'economy', 'export', 'industry', 'innovation', 'market', 'sector', 'technology', 'trade', 'trading']
['cable', 'chain', 'channel', 'fibre', 'network', 'phone', 'telephone', 'wire']
['call', 'joke', 'kiss', 'laugh', 'look', 'smile', 'watch']
['campaign', 'counter', 'effort', 'gesture', 'goal', 'mechanism', 'method', 'practice', 'process', 'strategy', 'tactic', 'target', 'task', 'technique', 'tool', 'trick']
['cancer', 'condition', 'disease', 'disorder', 'illness', 'infection', 'injury', 'surgery', 'treatment']
['candle', 'clock', 'instrument', 'lamp', 'light', 'mirror', 'sign']
['capacity', 'intensity', 'momentum', 'pace', 'power', 'pressure', 'resistance', 'strength', 'weight']
['card', 'cash', 'cheque', 'deposit', 'desk', 'fortune', 'gift', 'mail', 'money', 'packet', 'payment', 'receipt', 'ticket']
['care', 'employment', 'health', 'life', 'pension', 'poverty', 'protection', 'reform', 'refugee', 'relief', 'rights', 'safety', 'security', 'unemployment', 'welfare', 'youth']
['case', 'class', 'example', 'inhabitant', 'instance', 'occasion']
['castle', 'empire', 'palace', 'prison', 'seat', 'tent', 'villa']
['catalogue', 'collection', 'column', 'edition', 'journal', 'magazine', 'newspaper', 'paper', 'papers', 'press', 'print', 'publication']
['cathedral', 'chapel', 'christ', 'church', 'college', 'gallery', 'hall', 'house', 'mill', 'prayer', 'temple']
['cause', 'characteristic', 'defect', 'depression', 'function', 'incidence', 'outcome', 'result', 'spectrum', 'stroke', 'symptom', 'variable', 'variation', 'vein', 'weakness']
['century', 'delay', 'interval', 'period', 'session', 'term', 'times']
['ceremony', 'concert', 'convention', 'exhibition', 'festival', 'theatre', 'workshop']
['certificate', 'constraint', 'criterion', 'equivalent', 'guideline', 'minimum', 'obligation', 'procedure', 'provision', 'requirement', 'standard']
['chair', 'chairman', 'chief', 'coach', 'director', 'executive', 'head', 'manager', 'member', 'organiser', 'president', 'speaker', 'trustee']
['challenge', 'contest', 'obstacle', 'qualification', 'race', 'reward']
['chance', 'doubt', 'intention', 'opportunity', 'option', 'possibility', 'potential', 'problem', 'prospect', 'prospects']
['change', 'decline', 'excess', 'gain', 'growth', 'improvement', 'increase', 'measure', 'reduction']
['chart', 'dance', 'dancer', 'dream', 'music', 'rhythm', 'roll']
['charter', 'concession', 'contract', 'land', 'lease', 'licence', 'monopoly', 'ownership', 'rent']
['cheek', 'finger', 'foot', 'hand', 'right', 'stick', 'turn']
['chip', 'code', 'computer', 'custom', 'device', 'file', 'filter', 'interface', 'logic', 'menu', 'mode', 'module', 'platform', 'processor', 'protocol', 'specification']
['christian', 'conservative', 'democrat', 'labour', 'minority', 'tory']
['circle', 'domain', 'planet', 'ring', 'shell', 'sphere']
['citizen', 'collector', 'farm', 'farmer', 'gentleman', 'miner', 'peasant', 'politician', 'worker']
['city', 'colony', 'community', 'country', 'county', 'middle', 'province', 'settlement', 'town', 'village', 'ward']
['clothes', 'coat', 'collar', 'dress', 'flag', 'jacket', 'mess', 'shirt', 'skirt', 'sleeve', 'suit', 'trousers', 'uniform']
['club', 'division', 'football', 'league']
['co-operation', 'communication', 'compliance', 'contact', 'integration']
['coal', 'electricity', 'energy', 'fuel', 'heat', 'pollution', 'pool', 'sand', 'soil', 'water', 'waters']
['company', 'corp', 'corporation', 'subsidiary']
['composition', 'compound', 'core', 'cycle', 'frame', 'hierarchy', 'ladder', 'level', 'sequence', 'shape', 'structure', 'style', 'system', 'table', 'whole']
['conflict', 'consultation', 'conversation', 'debate', 'dialogue', 'discourse', 'discussion', 'dispute', 'interaction', 'interview', 'meeting', 'thread']
['consideration', 'enquiry', 'inquiry', 'inspection', 'investigation', 'operation', 'proceedings']
['constitution', 'declaration', 'decree', 'directive', 'document', 'injunction', 'legislation', 'order', 'petition', 'privilege', 'referendum', 'resolution', 'statute', 'succession', 'warrant']
['content', 'contents', 'detail', 'information', 'intelligence', 'material', 'statistics', 'stuff']
['contribution', 'coverage', 'intervention', 'involvement', 'membership', 'participant', 'participation', 'presence', 'progress', 'protest', 'representation']
['conversion', 'recovery', 'separation', 'transformation', 'transition']
['copy', 'cover', 'image', 'paint', 'painting', 'photograph', 'picture', 'portrait', 'poster', 'sample', 'shot', 'sight', 'signature', 'statue']
['corridor', 'line', 'path', 'road', 'route', 'street', 'trail']
['count', 'duke', 'earl', 'emperor', 'king', 'lord', 'prince']
['countryside', 'interior', 'landscape', 'nature', 'scene']
['course', 'curriculum', 'education', 'grade', 'instruction', 'library', 'policy', 'schedule', 'school', 'teaching']
['crack', 'glance', 'glimpse', 'hint', 'kind', 'sort', 'trace']
['crew', 'force', 'guard', 'people', 'personnel', 'service', 'staff', 'troops', 'volunteer']
['crime', 'death', 'gang', 'killer', 'killing', 'murder', 'suicide', 'violence']
['cupboard', 'curtain', 'door', 'doorway', 'entrance', 'gate', 'hole', 'stair', 'tower', 'wall', 'window']
['current', 'future', 'official', 'other', 'past', 'present']
['damage', 'danger', 'enemy', 'harm', 'risk', 'threat', 'trap']
['date', 'decade', 'hour', 'minute', 'month', 'seconds', 'week', 'year']
['defender', 'forward', 'player', 'receiver', 'youngster']
['democracy', 'freedom', 'independence', 'peace', 'unity']
['depth', 'depths', 'distance', 'height', 'length', 'lifespan', 'maximum', 'size', 'temperature']
['desire', 'hope', 'let', 'need', 'promise', 'will', 'wish']
['dilemma', 'episode', 'fate', 'headline', 'mystery', 'myth', 'plot', 'series', 'story', 'strip', 'tale']
['discretion', 'existence', 'importance', 'jurisdiction', 'significance', 'status', 'validity']
['drama', 'film', 'horror', 'movie', 'news', 'radio', 'television', 'video']
['drive', 'journey', 'pass', 'ride', 'stand', 'trip', 'visit', 'walk']
['effect', 'location', 'place', 'pole', 'position', 'spot', 'stage']
['engine', 'equipment', 'factory', 'gear', 'goods', 'machine', 'machinery']
['exchange', 'transfer']
['forest', 'garden', 'lane', 'museum', 'park', 'reserve', 'terrace']
['format', 'frequency', 'impulse', 'input', 'output', 'production', 'signal', 'sound']
['glass', 'metal', 'nail', 'plate', 'stone', 'wood']
['gorbachev', 'occupation', 'regime', 'revolution', 'rule']
['graham', 'lewis', 'marx']
['guide', 'index', 'leaflet', 'poll', 'questionnaire', 'report', 'stimulus', 'survey']
['handle', 'import', 'lead', 'load', 'open']
['hundred', 'million', 'thousand']
['initiative', 'package', 'program', 'programme', 'project', 'scheme', 'show', 'sport']
['moment', 'point', 'thing', 'time']
['moscow', 'paris', 'secret', 'washington', 'york']
['while', 'whilst', 'worth']
