['dollar', 'pound', 'coin', 'currency', 'dollar', 'gold', 'penny', 'pound', 'worth']
['formula', 'compound', 'formula', 'rally']
['quote', 'allegation', 'answer', 'argument', 'comment', 'complaint', 'joke', 'message', 'mistake', 'objection', 'question', 'remark', 'reply', 'response', 'rumour', 'statement', 'suggestion']
['ability', 'capability', 'capacity', 'confidence', 'courage', 'pace', 'resistance', 'skill', 'strength', 'weight']
['absence', 'availability', 'breach', 'finding', 'lack', 'plenty', 'shortage']
['abuse', 'activity', 'attitude', 'behaviour', 'conduct', 'habit', 'manner']
['acceptance', 'admission', 'approval', 'favour', 'freedom', 'independence', 'membership', 'popularity', 'recognition', 'rejection', 'status']
['access', 'link', 'links', 'reference', 'search']
['accident', 'controversy', 'crash', 'crisis', 'disaster', 'enquiry', 'explosion', 'incident', 'inquiry', 'investigation', 'scandal', 'situation']
['accommodation', 'apartment', 'building', 'castle', 'headquarters', 'home', 'hotel', 'house', 'palace', 'restaurant', 'store', 'temple', 'villa']
['account', 'address', 'block', 'editor', 'page', 'talk', 'user']
['accountant', 'adviser', 'agent', 'appointment', 'assistant', 'auditor', 'coach', 'deputy', 'head', 'manager', 'office', 'post', 'staff']
['accuracy', 'balance', 'climate', 'comfort', 'complexity', 'ease', 'effectiveness', 'exposure', 'intensity', 'isolation', 'performance', 'pressure', 'profile', 'quality', 'relative', 'sensitivity', 'stability', 'survival']
['achievement', 'award', 'best', 'honour', 'lifetime', 'medal', 'merit', 'prize', 'winner']
['acid', 'bacterium', 'cell', 'chemical', 'envelope', 'gene', 'knot', 'molecule', 'organism', 'protein', 'reaction', 'strand']
['acquisition', 'adoption', 'birth', 'conversion', 'creation', 'discovery', 'establishment', 'evolution', 'formation', 'implementation', 'introduction', 'separation', 'succession']
['acre', 'hundred', 'million', 'thousand', 'tonne']
['action', 'battle', 'clash', 'defeat', 'fight', 'fighting', 'struggle']
['actor', 'architect', 'artist', 'author', 'critic', 'dancer', 'designer', 'fashion', 'journalist', 'maker', 'photographer', 'poet', 'producer', 'publisher', 'writer']
['adam', 'david', 'luke', 'mark', 'martin', 'michael', 'nigel', 'patrick', 'paul', 'peter', 'simon', 'stephen']
['addition', 'comparison', 'contrast', 'difference', 'relation']
['administration', 'agency', 'authority', 'defence', 'economy', 'embassy', 'government', 'ministry', 'public', 'regime', 'treasury']
['adult', 'audience', 'crowd', 'female', 'male', 'reader', 'reception', 'viewer']
['advance', 'assault', 'attack', 'bomb', 'enemy', 'invasion', 'launch', 'raid', 'strike', 'threat']
['advantage', 'chance', 'demand', 'incentive', 'need', 'offer', 'opportunity', 'option', 'reward', 'will']
['advertisement', 'advertising', 'print', 'promotion', 'publicity']
['advice', 'control', 'direction', 'guidance', 'guide', 'leadership']
['affair', 'bond', 'connection', 'contact', 'deal', 'distinction', 'friendship', 'interaction', 'marriage', 'partnership', 'relationship']
['africa', 'america', 'australia', 'europe', 'world']
['afternoon', 'ceremony', 'evening', 'guest', 'holiday', 'morning', 'night', 'schedule', 'session', 'weekend']
['agenda', 'counter', 'emphasis', 'opponent', 'policy', 'stance']
['agreement', 'co-operation', 'compromise', 'consultation', 'dialogue', 'dispute', 'exchange', 'joint', 'meeting', 'negotiation', 'peace', 'resolution', 'transfer']
['aircraft', 'airline', 'flight', 'helicopter', 'landing', 'missile', 'pilot', 'plane', 'wing']
['airport', 'corridor', 'line', 'passenger', 'rail', 'railway', 'traffic', 'train', 'transport', 'tunnel']
['alarm', 'clock', 'display', 'frequency', 'input', 'output', 'packet', 'pulse', 'signal']
['album', 'chart', 'disc', 'edition', 'recording', 'release', 'song', 'studio', 'track', 'version']
['alcohol', 'beer', 'champagne', 'coffee', 'sugar', 'wine']
['alice', 'anna', 'anne', 'blanche', 'caroline', 'diana', 'elizabeth', 'emily', 'helen', 'isabel', 'jane', 'kate', 'lady', 'laura', 'lily', 'lucy', 'maggie', 'marie', 'mary', 'rachel', 'robyn', 'ruth', 'sarah', 'susan']
['alliance', 'campaign', 'coalition', 'conservative', 'democracy', 'faction', 'kinnock', 'labour', 'minority', 'movement', 'opposition', 'organisation', 'organization', 'party', 'protest', 'rebel', 'tory', 'unity']
['allocation', 'calculation', 'curve', 'datum', 'equation', 'error', 'estimate', 'index', 'interval', 'measure', 'measurement', 'model', 'parameter', 'uncertainty', 'variable']
['allowance', 'compensation', 'debt', 'dividend', 'earnings', 'employment', 'expenditure', 'income', 'inflation', 'payment', 'profit', 'rent', 'revenue', 'salary', 'subsidy', 'wages', 'wealth']
['ally', 'baby', 'boss', 'companion', 'corpse', 'friend', 'gentleman', 'girl', 'hero', 'life', 'lover', 'neighbour', 'pupil', 'servant', 'teenager', 'thief']
['alternative', 'band', 'group', 'guitar', 'label', 'metal', 'music', 'rock', 'roll']
['ambassador', 'cabinet', 'chancellor', 'governor', 'minister', 'president', 'prime', 'thatcher']
['ambition', 'commitment', 'contribution', 'desire', 'determination', 'duty', 'intention', 'loyalty', 'obligation', 'preference', 'promise', 'refusal', 'reputation', 'respect', 'tendency', 'willingness']
['amendment', 'charter', 'clause', 'congress', 'constitution', 'convention', 'declaration', 'decree', 'directive', 'draft', 'legislation', 'referendum', 'rule', 'statute', 'treaty']
['american', 'english', 'french', 'german', 'russian']
['amount', 'bulk', 'contents', 'dose', 'excess', 'extent', 'load', 'mass', 'medium', 'quantity', 'sample', 'scale', 'substance', 'surplus', 'target', 'value']
['analysis', 'assessment', 'description', 'evaluation', 'experiment', 'identification', 'observation', 'questionnaire', 'research', 'statistics', 'survey', 'test']
['analyst', 'commentator', 'consultant', 'doctor', 'engineer', 'expert', 'figure', 'historian', 'lawyer', 'politician', 'researcher', 'scholar', 'scientist']
['angel', 'chaos', 'darkness', 'dawn', 'dream', 'ghost', 'glory', 'heaven', 'hell', 'mist', 'rage', 'shadow', 'sigh', 'silence', 'soul', 'spirit', 'terror']
['anger', 'concern', 'confusion', 'danger', 'delight', 'difficulty', 'dilemma', 'disappointment', 'embarrassment', 'excitement', 'fault', 'fear', 'feeling', 'frustration', 'guilt', 'laughter', 'panic', 'pride', 'satisfaction', 'surprise', 'trouble']
['angle', 'depth', 'depths', 'distance', 'height', 'inch', 'length', 'level', 'lifespan', 'metre', 'peak', 'size', 'speed']
['animal', 'cattle', 'horse', 'sheep']
['ankle', 'blade', 'bullet', 'chest', 'elbow', 'finger', 'fist', 'foot', 'grip', 'hand', 'heel', 'knee', 'knife', 'left', 'neck', 'right', 'shoulder', 'spine', 'tear', 'thigh', 'thumb', 'waist', 'wound', 'wrist']
['anniversary', 'birthday', 'occasion']
['announcement', 'entry', 'official']
['anxiety', 'breath', 'cause', 'disorder', 'heart', 'pain', 'sensation', 'shock', 'sleep', 'stomach', 'stress', 'stroke', 'sweat', 'symptom', 'weakness']
['appeal', 'choice', 'decision', 'outcome', 'recommendation', 'vote']
['appearance', 'cast', 'character', 'episode', 'game', 'reality', 'season', 'series']
['apple', 'application', 'client', 'code', 'computer', 'custom', 'database', 'developer', 'device', 'disk', 'file', 'interface', 'menu', 'module', 'open', 'package', 'platform', 'processor', 'protocol', 'software', 'specification', 'video']
['applicant', 'case', 'defendant', 'injunction', 'jury', 'petition', 'plaintiff', 'remedy', 'suit', 'witness']
['approach', 'example', 'filter', 'instrument', 'means', 'mechanism', 'method', 'mode', 'problem', 'procedure', 'process', 'solution', 'standard', 'tactic', 'technique', 'tool']
['april', 'february', 'june', 'march']
['architecture', 'degree', 'history', 'literature', 'marx', 'medicine', 'philosophy', 'science', 'thesis']
['area', 'countryside', 'forest', 'landscape', 'park', 'reserve', 'zone']
['army', 'command', 'flag', 'force', 'guard', 'occupation', 'revolution', 'troops', 'volunteer']
['arrangement', 'complex', 'composition', 'frame', 'framework', 'hierarchy', 'outline', 'remains', 'structure']
['array', 'combination', 'handful', 'number', 'other', 'range', 'selection', 'specialist', 'spectrum', 'variety']
['arrest', 'charge', 'conviction', 'crime', 'fate', 'gang', 'grave', 'killer', 'killing', 'murder', 'offence', 'plot', 'prosecution', 'punishment', 'suicide', 'trial', 'victim']
['arrival', 'career', 'death', 'departure', 'resignation', 'retirement']
['arrow', 'candle', 'flame', 'lamp', 'light', 'smoke', 'star', 'sword', 'torch', 'weapon']
['article', 'focus', 'guideline', 'issue', 'stuff', 'subject', 'topic']
['aspect', 'cluster', 'component', 'core', 'cycle', 'dimension', 'element', 'entity', 'equivalent', 'factor', 'form', 'function', 'ingredient', 'object', 'part', 'source', 'unit']
['assembly', 'constituency', 'election', 'parliament', 'seat']
['asset', 'bank', 'deposit', 'finance', 'insurance', 'investment', 'liability', 'mortgage', 'pension', 'savings', 'stock', 'trust']
['assistance', 'benefit', 'consent', 'help', 'intervention', 'permission', 'protection', 'relief', 'shelter', 'support', 'thanks']
['association', 'college', 'conference', 'department', 'foundation', 'institute', 'institution', 'laboratory', 'school', 'society', 'university']
['assumption', 'belief', 'claim', 'concept', 'conception', 'conclusion', 'definition', 'expectation', 'fact', 'hypothesis', 'idea', 'implication', 'impression', 'interpretation', 'kind', 'norm', 'notion', 'possibility', 'premise', 'proof', 'proposition', 'sort', 'thought', 'truth']
['athelstan', 'duke', 'king', 'kingdom', 'prince', 'princess', 'queen']
['atmosphere', 'barrier', 'cloud', 'dust', 'flat', 'ground', 'horizon', 'layer', 'pavement', 'shelf', 'slope', 'soil', 'sphere', 'surface', 'temperature']
['attempt', 'effort', 'invitation', 'order', 'wish']
['attention', 'doubt', 'hint', 'note', 'notice', 'register', 'request', 'sign', 'warning']
['attraction', 'tourist', 'visitor']
['autumn', 'fall', 'spring', 'summer', 'winter']
['average', 'fraction', 'majority', 'margin', 'percentage', 'population', 'proportion', 'rate', 'ratio', 'result', 'share', 'total', 'turnover']
['awareness', 'consciousness', 'emotion', 'experience', 'expression', 'gaze', 'gesture', 'imagination', 'memory', 'mind', 'mood', 'nature', 'perception', 'personality', 'phenomenon', 'reflection', 'sense', 'senses', 'speech', 'stimulus', 'thinking', 'understanding', 'view', 'vision']
['back', 'ball', 'bowl', 'break', 'draw', 'drop', 'goal', 'hook', 'kick', 'pass', 'penalty', 'pitch', 'punch', 'rider', 'score', 'seconds', 'shot', 'touch', 'trick', 'wicket']
['background', 'circumstance', 'context', 'detail', 'explanation', 'perspective', 'scope', 'setting', 'significance']
['baker', 'bell', 'brown', 'bush', 'clarke', 'clinton', 'cook', 'corbett', 'ford', 'graham', 'grant', 'howard', 'jackson', 'johnson', 'jones', 'kelly', 'lewis', 'miller', 'morgan', 'scott', 'smith', 'taylor', 'walker', 'ward', 'washington', 'williams', 'wilson', 'wright']
['barrel', 'basket', 'bottle', 'bucket', 'card', 'chip', 'coffin', 'container', 'crack', 'deck', 'heap', 'needle', 'pack', 'panel', 'pile', 'pillow', 'pipe', 'plate', 'pocket', 'slide', 'stick', 'table', 'tape', 'tray', 'tube']
['base', 'camp', 'concentration', 'prison', 'prisoner', 'refugee', 'site', 'tent']
['basis', 'burden', 'consequence', 'ideal', 'importance', 'motive', 'necessity', 'objective', 'priority', 'privilege', 'provision', 'purpose', 'reason', 'requirement', 'responsibility', 'task', 'validity', 'virtue']
['bath', 'england', 'ireland', 'leeds', 'liverpool', 'london', 'oxford', 'scotland', 'wales']
['bathroom', 'bedroom', 'cupboard', 'desk', 'downstairs', 'floor', 'garage', 'household', 'kitchen', 'room', 'sofa']
['battery', 'bike', 'carriage', 'driver', 'engine', 'lorry', 'motor', 'tank', 'taxi', 'truck', 'vehicle']
['beach', 'cliff', 'island', 'lake', 'mountain', 'ocean', 'pond', 'ridge', 'river', 'salt', 'shore', 'summit', 'valley']
['beam', 'generation', 'impulse', 'momentum', 'particle', 'phase', 'wave']
['beauty', 'curiosity', 'enthusiasm', 'happiness', 'instinct', 'love', 'passion', 'pleasure', 'talent', 'warmth']
['beginning', 'century', 'opening', 'remainder', 'rest', 'second', 'start', 'whole']
['being', 'citizen', 'individual', 'offender', 'participant', 'people', 'person', 'self', 'thing', 'woman']
['belt', 'black', 'blanket', 'clothes', 'coat', 'collar', 'dress', 'hair', 'jacket', 'mask', 'shirt', 'skirt', 'sleeve', 'trousers', 'uniform', 'white']
['bench', 'circuit', 'clerk', 'commissioner', 'councillor', 'court', 'judge', 'justice', 'magistrate', 'resident', 'solicitor', 'tribunal']
['benjamin', 'charles', 'earl', 'edward', 'eliot', 'francis', 'george', 'harry', 'henry', 'james', 'john', 'joseph', 'lord', 'mungo', 'philip', 'richard', 'robert', 'scot', 'thomas', 'william']
['bias', 'conflict', 'contempt', 'criticism', 'hostility', 'suspicion', 'sympathy', 'tension']
['bible', 'instance', 'language', 'meaning', 'name', 'origin', 'phrase', 'script', 'sentence', 'term', 'text', 'word']
['bill', 'charlie', 'jack', 'tony', 'willie']
['bird', 'bull', 'creature', 'hole', 'hunt', 'mouse', 'nest', 'rabbit', 'trap']
['bishop', 'cathedral', 'chapel', 'christ', 'church', 'jesus', 'organ', 'priest', 'statue']
['blood', 'bone', 'brain', 'limb', 'muscle', 'nerve', 'stem', 'tissue', 'vein']
['blow', 'damage', 'damages', 'destruction', 'fire', 'harm', 'impact', 'injury']
['board', 'centre', 'chamber', 'commission', 'committee', 'council']
['boat', 'carrier', 'craft', 'crew', 'fleet', 'port', 'ship', 'vessel', 'yard']
['body', 'brow', 'brush', 'cheek', 'chin', 'eyebrow', 'face', 'forehead', 'grin', 'horn', 'nose', 'patch', 'ring', 'seal', 'shell', 'sight', 'skin', 'tail', 'throat', 'tooth']
['book', 'diary', 'essay', 'letter', 'novel', 'poem', 'poetry', 'story', 'tale', 'theme', 'tragedy', 'tune', 'verse']
['boom', 'change', 'decline', 'delay', 'move', 'rise', 'shift', 'step', 'switch', 'transformation', 'transition', 'trend', 'turn']
['boot', 'carpet', 'chain', 'cigarette', 'furniture', 'garment', 'glove', 'machine', 'nail', 'shoe', 'shop', 'towel']
['border', 'boundary', 'capital', 'country', 'jurisdiction', 'nation', 'province', 'region', 'state', 'territory']
['bottom', 'circle', 'corner', 'edge', 'front', 'prospect', 'side', 'square']
['branch', 'category', 'chapter', 'class', 'field', 'list', 'paragraph', 'portion', 'section']
['brand', 'company', 'corp', 'corporation', 'firm', 'industry', 'manufacturer', 'subsidiary', 'supplier', 'venture', 'workshop']
['bread', 'cake', 'cream', 'drink', 'flesh', 'fruit', 'grain', 'juice', 'lamb', 'meat', 'milk', 'pint', 'potato', 'slice']
['breakfast', 'diet', 'dinner', 'lunch', 'meal', 'prayer']
['breast', 'cancer', 'condition', 'defect', 'disease', 'illness', 'incidence', 'infection', 'patient', 'spread', 'strain', 'treatment', 'virus']
['breeze', 'depression', 'flood', 'rain', 'snow', 'storm', 'tide', 'weather']
['brick', 'ceiling', 'curtain', 'door', 'doorway', 'entrance', 'fence', 'gate', 'roof', 'stair', 'stone', 'tower', 'wall', 'window']
['bridge', 'canal', 'cross', 'hill', 'lane', 'mile', 'road', 'route', 'street', 'stretch', 'terrace', 'trail']
['britain', 'china', 'france', 'germany', 'gorbachev', 'india', 'iraq', 'israel', 'italy', 'japan', 'kong', 'moscow', 'paris', 'republic', 'rome', 'russia', 'spain', 'union']
['brother', 'child', 'colleague', 'count', 'cousin', 'daughter', 'father', 'fellow', 'husband', 'mother', 'partner', 'rival', 'sister', 'successor', 'wife']
['budget', 'consumption', 'cost', 'efficiency', 'expense', 'price', 'risk']
['business', 'communication', 'design', 'development', 'enterprise', 'environment', 'growth', 'initiative', 'innovation', 'integration', 'management', 'portfolio', 'resource', 'sector', 'technology']
['button', 'drive', 'gear', 'shaft', 'wheel']
['buyer', 'cheque', 'creditor', 'employee', 'employer', 'investor', 'parent', 'purchaser', 'receipt', 'seller', 'shareholder', 'transaction']
['cable', 'channel', 'network', 'operator', 'service', 'system']
['call', 'kiss', 'laugh', 'let', 'smile', 'spell', 'stand', 'stop', 'watch']
['camera', 'image', 'mirror', 'motion', 'painting', 'photograph', 'picture', 'portrait', 'poster', 'presentation', 'screen']
['candidate', 'delegate', 'delegation', 'democrat', 'representation', 'representative', 'speaker']
['captain', 'commander', 'constable', 'detective', 'inspector', 'knight', 'major', 'officer', 'police', 'policeman', 'rank', 'sergeant', 'soldier', 'warrant']
['care', 'health', 'housing', 'human', 'reform', 'security', 'welfare', 'youth']
['cash', 'charity', 'credit', 'fortune', 'fund', 'gift', 'money', 'spending']
['catalogue', 'collection', 'domain', 'exhibition', 'gallery', 'hall', 'lecture', 'library', 'museum']
['caution', 'discretion', 'hearing', 'judgement', 'judgment', 'opinion', 'verdict']
['certificate', 'course', 'date', 'examination', 'grade', 'master', 'rating']
['chair', 'chairman', 'chief', 'director', 'executive', 'leader', 'member', 'organiser', 'secretary', 'spokesman', 'supporter', 'trustee']
['challenge', 'champion', 'competition', 'competitor', 'contest', 'event', 'final', 'match', 'obstacle', 'qualification', 'race', 'round', 'triumph', 'trophy', 'victory']
['championship', 'club', 'division', 'league', 'sport', 'squad', 'team', 'tournament']
['characteristic', 'colour', 'pattern', 'root', 'shape', 'signature', 'style', 'symbol', 'trace', 'type', 'variation']
['check', 'glance', 'glimpse', 'look', 'mess', 'moment']
['christian', 'culture', 'discourse', 'faith', 'identity', 'ideology', 'myth', 'politics', 'religion', 'ritual', 'tradition']
['city', 'county', 'town', 'york']
['clinic', 'drug', 'facility', 'hospital', 'nurse', 'practitioner', 'surgery']
['closure', 'collapse', 'completion', 'existence', 'extension', 'merger', 'removal', 'withdrawal']
['cloth', 'fabric', 'fibre', 'glass', 'interior', 'paint', 'stitch', 'strip', 'tile', 'wire', 'wood']
['coal', 'electricity', 'emission', 'energy', 'fuel', 'power', 'wind']
['coast', 'east', 'gulf', 'middle', 'north', 'south', 'west']
['collector', 'dealer', 'traveller']
['colony', 'community', 'district', 'inhabitant', 'settlement', 'village']
['column', 'journal', 'magazine', 'observer', 'paper', 'papers', 'proceedings', 'publication', 'review', 'volume']
['compliance', 'construction', 'exercise', 'inspection', 'maintenance', 'operation', 'preparation', 'recovery', 'regulation', 'replacement', 'routine', 'safety']
['concert', 'dance', 'festival', 'scene', 'stage', 'theatre']
['concession', 'contract', 'lease', 'licence', 'loan', 'monopoly', 'possession', 'purchase', 'sale']
['consensus', 'consideration', 'conversation', 'debate', 'discussion', 'matter', 'poll', 'sanction', 'speculation', 'thread']
['constraint', 'contradiction', 'criterion', 'doctrine', 'effect', 'logic', 'principle', 'theory']
['consumer', 'customer', 'delivery', 'mail', 'phone', 'premium', 'product', 'telephone', 'ticket', 'vendor', 'voter']
['content', 'document', 'evidence', 'information', 'insight', 'intelligence', 'knowledge', 'material', 'report']
['continent', 'earth', 'moon', 'planet', 'space', 'universe']
['copy', 'fragment', 'leaflet', 'sequence']
['cottage', 'factory', 'farm', 'lock', 'mill', 'mine']
['couple', 'decade', 'half', 'hour', 'minute', 'month', 'period', 'quarter', 'time', 'times', 'week', 'year']
['cover', 'item', 'pair', 'piece', 'sheet', 'string']
['coverage', 'headline', 'insider', 'interview', 'media', 'news', 'newspaper', 'press', 'reporter']
['crop', 'distribution', 'export', 'import', 'market', 'production', 'trade', 'trading']
['crown', 'emperor', 'empire', 'hitler', 'pope']
['current', 'future', 'hope', 'past', 'potential', 'present', 'prospects']
['curriculum', 'discipline', 'drawing', 'education', 'instruction', 'lesson', 'practice', 'profession', 'reading', 'student', 'study', 'teacher', 'teaching', 'training', 'work', 'writing']
['defender', 'football', 'forward', 'play', 'player', 'professional', 'receiver', 'youngster']
['deficit', 'failure', 'gain', 'loss', 'reduction']
['demonstration', 'program', 'programme', 'project', 'show']
['discrimination', 'inequality', 'living', 'poverty', 'recession', 'unemployment', 'violence']
['dish']
['drama', 'feature', 'film', 'horror', 'monster', 'movie', 'mystery', 'stranger']
['equipment', 'food', 'goods', 'machinery', 'personnel', 'supplies', 'supply']
['estate', 'grounds', 'land', 'ownership', 'property', 'rights', 'stake']
['expansion', 'improvement', 'progress']
['expedition', 'journey', 'mission', 'passage', 'path', 'return', 'ride', 'tour', 'trip', 'visit', 'walk']
['expertise', 'influence', 'interest', 'involvement', 'participation', 'presence', 'pursuit', 'role', 'secret', 'success']
['family', 'farmer', 'landlord', 'miner', 'owner', 'peasant', 'tenant', 'worker']
['fish', 'insect', 'plant', 'prey', 'species', 'specimen']
['flavour', 'mixture', 'recipe', 'scent', 'smell', 'taste']
['flow', 'heat', 'pollution', 'pool', 'sand', 'stream', 'sunlight', 'waste', 'water', 'waters']
['flower', 'garden', 'grass', 'green', 'leaf', 'palm', 'rose', 'seed', 'tree']
['format', 'host', 'radio', 'station', 'television']
['handle', 'ladder', 'lift', 'rope']
['hold', 'holder', 'holding', 'record', 'title']
['increase', 'limit', 'limitation', 'maximum', 'minimum', 'restriction']
['lead', 'location', 'place', 'point', 'pole', 'position', 'spot']
['mouth', 'tongue']
['noise', 'rhythm', 'sound', 'tone', 'voice']
['plan', 'planning', 'proposal', 'scheme', 'strategy']
['while', 'whilst']
