['dollar', 'pound', 'coin', 'dollar', 'penny', 'pint', 'pound', 'tonne', 'wicket']
['formula', 'formula']
['quote', 'answer', 'comment', 'gesture', 'joke', 'mistake', 'note', 'question', 'remark', 'reply', 'sign', 'vote']
['ability', 'capability', 'capacity', 'courage', 'potential', 'reputation', 'senses', 'skill', 'strength', 'talent', 'tendency']
['absence', 'collapse', 'failure', 'fault', 'lack', 'refusal', 'success', 'weakness']
['abuse', 'crime', 'drug', 'murder', 'offence', 'suicide', 'violence']
['acceptance', 'acquisition', 'admission', 'adoption', 'arrival', 'birth', 'creation', 'delivery', 'destruction', 'entry', 'establishment', 'introduction', 'passage', 'recognition', 'rejection', 'removal', 'replacement', 'sale']
['access', 'cheque', 'concession', 'gift', 'grant', 'incentive', 'lease', 'licence', 'loan', 'monopoly', 'privilege', 'receipt', 'reward', 'subsidy', 'ticket']
['accident', 'bomb', 'boom', 'crash', 'explosion', 'fire', 'flood', 'incident', 'wave']
['accommodation', 'allowance', 'compensation', 'credit', 'employment', 'expense', 'payment', 'pension', 'relief', 'salary', 'wages']
['account', 'address', 'catalogue', 'chart', 'copy', 'database', 'document', 'file', 'guide', 'link', 'list', 'page', 'record', 'register', 'report', 'text', 'trace']
['accountant', 'assistant', 'clerk', 'employee', 'inhabitant', 'nurse', 'official', 'priest', 'pupil', 'servant', 'student', 'teacher', 'worker']
['accuracy', 'advantage', 'availability', 'balance', 'complexity', 'consumption', 'effectiveness', 'efficiency', 'energy', 'lifespan', 'momentum', 'output', 'pace', 'quality', 'sensitivity', 'speed', 'stability']
['achievement', 'contribution', 'input', 'response', 'work']
['acid', 'alcohol', 'beer', 'blood', 'bread', 'champagne', 'coal', 'coffee', 'cream', 'drink', 'fuel', 'juice', 'meat', 'milk', 'salt', 'sugar', 'sweat', 'water', 'wine']
['acre', 'inch', 'metre', 'mile']
['action', 'activity', 'behaviour', 'expression', 'occupation']
['actor', 'artist', 'dance', 'dancer', 'guest', 'hero', 'star']
['adam', 'anna', 'blanche', 'caroline', 'charlie', 'diana', 'emily', 'harry', 'helen', 'isabel', 'jack', 'jesus', 'kate', 'laura', 'lily', 'lucy', 'luke', 'maggie', 'marie', 'rachel', 'robyn', 'ruth', 'sarah', 'susan', 'tony', 'willie']
['addition', 'combination', 'comparison', 'connection', 'contrast', 'links', 'reference', 'relation']
['administration', 'government', 'leadership', 'management', 'ownership', 'regime']
['adult', 'female', 'male']
['advance', 'approach', 'break', 'call', 'hold', 'kick', 'move', 'offer', 'pass', 'return', 'roll', 'shift', 'step', 'switch', 'transfer', 'turn']
['advertisement', 'advertising', 'campaign', 'headline', 'poster', 'profile', 'promotion', 'publicity']
['advice', 'choice', 'conclusion', 'invitation', 'point', 'recommendation', 'request', 'suggestion']
['adviser', 'agent', 'candidate', 'executive', 'leader', 'manager', 'opponent', 'organiser', 'participant', 'representative', 'speaker', 'spokesman', 'supporter']
['affair', 'alliance', 'bond', 'contact', 'friendship', 'loyalty', 'marriage', 'relationship']
['africa', 'america', 'australia', 'england', 'europe', 'india', 'ireland', 'kong', 'scotland', 'wales']
['afternoon', 'dawn', 'evening', 'moment', 'morning', 'night', 'times', 'weekend']
['agency', 'charity', 'entity', 'institution', 'organisation', 'organization', 'unit']
['agenda', 'bias', 'consciousness', 'democracy', 'discipline', 'doctrine', 'hierarchy', 'identity', 'ideology', 'philosophy', 'policy', 'politics', 'religion', 'stance', 'strategy']
['agreement', 'arrangement', 'compromise', 'contract', 'deal', 'partnership', 'treaty']
['aircraft', 'bike', 'boat', 'carriage', 'carrier', 'craft', 'helicopter', 'lorry', 'missile', 'passenger', 'plane', 'ship', 'taxi', 'train', 'truck', 'vehicle', 'vessel']
['airline', 'client', 'company', 'competitor', 'dealer', 'developer', 'firm', 'insider', 'maker', 'manufacturer', 'operator', 'parent', 'subsidiary', 'supplier', 'user', 'vendor']
['airport', 'building', 'camp', 'headquarters', 'hospital', 'hotel', 'house', 'palace', 'park', 'prison', 'restaurant', 'store', 'theatre', 'villa']
['alarm', 'anger', 'anxiety', 'contempt', 'delight', 'excitement', 'fear', 'gaze', 'guilt', 'hostility', 'laughter', 'mind', 'pain', 'rage', 'shock', 'silence', 'surprise', 'sympathy', 'terror']
['album', 'band', 'drama', 'episode', 'film', 'game', 'horror', 'movie', 'recording', 'series', 'show', 'video']
['alice', 'anne', 'elizabeth', 'jane', 'lady', 'mary', 'mungo']
['allegation', 'appeal', 'argument', 'case', 'charge', 'claim', 'complaint', 'concern', 'criticism', 'enquiry', 'hearing', 'inquiry', 'objection', 'protest', 'warning']
['allocation', 'calculation', 'determination', 'equation', 'estimate', 'logic', 'measurement', 'search', 'sequence']
['ally', 'brother', 'colleague', 'companion', 'cousin', 'daughter', 'father', 'friend', 'husband', 'lover', 'mother', 'neighbour', 'partner', 'relative', 'rival', 'sister', 'successor', 'wife']
['alternative', 'christian', 'conservative', 'democrat', 'labour', 'tory']
['ambassador', 'bishop', 'chancellor', 'commissioner', 'deputy', 'governor', 'justice', 'minister', 'prime', 'secretary']
['ambition', 'attempt', 'curiosity', 'desire', 'dream', 'enthusiasm', 'hope', 'imagination', 'instinct', 'need', 'passion', 'preference', 'promise', 'willingness']
['amendment', 'bill', 'charter', 'constitution', 'decree', 'directive', 'draft', 'legislation', 'motion', 'petition', 'plan', 'proposal', 'proposition', 'resolution', 'scheme', 'statute']
['american', 'english', 'french', 'german', 'russian']
['amount', 'dose', 'excess', 'flow', 'mass', 'mixture', 'number', 'quantity', 'substance', 'type', 'volume', 'worth']
['analysis', 'assessment', 'evaluation', 'examination', 'identification', 'inspection', 'investigation', 'questionnaire', 'research', 'review', 'selection', 'statistics', 'study', 'survey', 'treatment']
['analyst', 'commentator', 'host']
['angel', 'boss', 'citizen', 'detective', 'doctor', 'figure', 'gentleman', 'girl', 'guard', 'miner', 'peasant', 'people', 'police', 'policeman', 'prisoner', 'rebel', 'refugee', 'soldier', 'stranger', 'teenager', 'thief', 'tourist', 'woman', 'youngster']
['angle', 'border', 'bottom', 'boundary', 'coast', 'corner', 'curve', 'edge', 'horizon', 'margin', 'root', 'shore', 'side', 'slope', 'strand', 'surface']
['animal', 'bird', 'bull', 'creature', 'fish', 'flower', 'horse', 'insect', 'monster', 'mouse', 'rabbit']
['ankle', 'back', 'breast', 'cheek', 'chest', 'chin', 'elbow', 'eyebrow', 'forehead', 'front', 'heart', 'heel', 'horn', 'joint', 'knee', 'left', 'limb', 'mouth', 'neck', 'nose', 'spine', 'stomach', 'thigh', 'throat', 'thumb', 'tongue', 'tooth', 'waist', 'wing', 'wound', 'wrist']
['anniversary', 'basis', 'grounds', 'occasion']
['announcement', 'decision', 'declaration', 'judgement', 'judgment', 'letter', 'message', 'paragraph', 'statement', 'thesis', 'verdict']
['apartment', 'bath', 'bathroom', 'bedroom', 'cupboard', 'downstairs', 'flat', 'garage', 'garden', 'household', 'kitchen', 'pool', 'room', 'shelter', 'shop', 'studio', 'tent', 'yard']
['appearance', 'ceremony', 'composition', 'concert', 'demonstration', 'display', 'drawing', 'edition', 'exhibition', 'interview', 'lecture', 'performance', 'presentation', 'production', 'reading', 'reception', 'speech', 'trial']
['apple', 'cattle', 'crop', 'fruit', 'grain', 'lamb', 'potato', 'seed', 'sheep']
['applicant', 'defendant', 'individual', 'offender', 'patient', 'person', 'plaintiff', 'prosecution', 'victim', 'voter', 'witness']
['application', 'closure', 'completion', 'compliance', 'construction', 'formation', 'implementation', 'maintenance', 'planning', 'preparation', 'regulation']
['appointment', 'birthday', 'career', 'death', 'departure', 'resignation', 'retirement', 'withdrawal']
['approval', 'consent', 'permission']
['april', 'february', 'june', 'march']
['architect', 'author', 'critic', 'designer', 'editor', 'engineer', 'historian', 'journalist', 'lawyer', 'photographer', 'poet', 'politician', 'producer', 'reporter', 'researcher', 'scholar', 'scientist', 'writer']
['architecture', 'bible', 'literature', 'medicine', 'music', 'poetry', 'science', 'writing']
['area', 'city', 'colony', 'constituency', 'country', 'countryside', 'county', 'district', 'domain', 'nation', 'province', 'region', 'state', 'town', 'ward', 'zone']
['army', 'empire', 'enemy', 'fleet', 'force', 'troops']
['array', 'range', 'spectrum', 'variety']
['arrest', 'assault', 'attack', 'blow', 'invasion', 'raid', 'shot', 'strike', 'stroke']
['arrow', 'blade', 'cross', 'fist', 'knife', 'sword', 'torch', 'weapon']
['article', 'consensus', 'consideration', 'consultation', 'conversation', 'coverage', 'debate', 'dialogue', 'discourse', 'discussion', 'negotiation', 'poll', 'talk', 'thread']
['aspect', 'characteristic', 'component', 'dimension', 'element', 'feature', 'ideal', 'impulse', 'issue', 'kind', 'objective', 'phenomenon', 'reality', 'sphere', 'theme', 'thing']
['assembly', 'conference', 'congress', 'convention', 'election', 'meeting', 'parliament', 'referendum', 'session']
['asset', 'brand', 'ingredient', 'item', 'product', 'recipe', 'resource', 'solution', 'source', 'tool']
['assistance', 'benefit', 'ease', 'guidance', 'help', 'let']
['association', 'centre', 'college', 'corp', 'corporation', 'foundation', 'fund', 'institute', 'laboratory', 'school', 'society', 'trust', 'university', 'workshop']
['assumption', 'concept', 'conception', 'existence', 'hypothesis', 'idea', 'impression', 'interpretation', 'notion', 'perception', 'premise', 'principle', 'rumour', 'term', 'theory', 'thought', 'trend', 'view', 'word']
['athelstan', 'benjamin', 'charles', 'david', 'edward', 'francis', 'george', 'henry', 'james', 'john', 'joseph', 'mark', 'michael', 'nigel', 'patrick', 'paul', 'peter', 'philip', 'richard', 'robert', 'simon', 'stephen', 'thomas', 'william']
['atmosphere', 'attitude', 'emotion', 'feeling', 'habit', 'mood', 'personality', 'rhythm', 'sensation', 'spirit', 'tone', 'vision', 'voice']
['attention', 'emphasis', 'focus', 'influence']
['attraction', 'date', 'direction', 'location', 'place', 'position', 'seat', 'site', 'spot']
['audience', 'crowd', 'public']
['auditor', 'chair', 'chairman', 'councillor', 'delegate', 'director', 'fellow', 'judge', 'magistrate', 'member', 'president', 'resident', 'solicitor', 'trustee', 'volunteer']
['authority', 'control', 'discretion', 'jurisdiction', 'possession', 'territory']
['autumn', 'fall', 'spring', 'summer', 'winter']
['average', 'best', 'maximum', 'minimum', 'second', 'total']
['award', 'medal', 'prize', 'trophy', 'winner']
['awareness', 'experience', 'expertise', 'information', 'insight', 'intelligence', 'knowledge', 'understanding']
['baby', 'body', 'child', 'coffin', 'corpse', 'ghost', 'grave', 'killer', 'nest', 'prey', 'remains', 'soul', 'statue']
['background', 'category', 'context', 'perspective', 'scope', 'sense', 'setting']
['bacterium', 'cell', 'human', 'medium', 'molecule', 'organism', 'particle', 'species', 'specimen']
['baker', 'bell', 'bush', 'clarke', 'clinton', 'cook', 'corbett', 'eliot', 'ford', 'graham', 'howard', 'jackson', 'johnson', 'jones', 'kelly', 'kinnock', 'lewis', 'martin', 'marx', 'miller', 'morgan', 'rose', 'scot', 'scott', 'smith', 'taylor', 'thatcher', 'walker', 'williams', 'wilson', 'wood', 'wright']
['ball', 'blanket', 'boot', 'bowl', 'brick', 'brush', 'bullet', 'cake', 'cigarette', 'fabric', 'flag', 'glass', 'glove', 'hook', 'knot', 'leaf', 'metal', 'nail', 'paint', 'palm', 'patch', 'punch', 'ring', 'seal', 'shell', 'shoe', 'spell', 'stone', 'tile', 'towel', 'trap']
['bank', 'care', 'finance', 'health', 'housing', 'insurance', 'protection', 'safety', 'savings', 'security', 'welfare']
['barrel', 'beam', 'cable', 'fibre', 'filter', 'frame', 'layer', 'lock', 'pipe', 'rope', 'shaft', 'stream', 'string', 'tank', 'tube', 'wire']
['barrier', 'clause', 'condition', 'criterion', 'demand', 'guideline', 'necessity', 'norm', 'option', 'provision', 'requirement']
['base', 'festival', 'summit']
['basket', 'bottle', 'bucket', 'button', 'column', 'container', 'envelope', 'heap', 'leaflet', 'menu', 'pack', 'packet', 'pair', 'pile', 'plate', 'pocket', 'sheet', 'stick', 'table', 'tray']
['battery', 'camera', 'candle', 'clock', 'engine', 'instrument', 'lamp', 'machine', 'mirror', 'motor', 'needle', 'organ', 'tree', 'wheel']
['battle', 'fight', 'fighting', 'holding', 'killing', 'living']
['beach', 'cliff', 'hill', 'island', 'lake', 'mountain', 'peak', 'ridge', 'river', 'rock', 'valley']
['beauty', 'capital', 'fortune', 'popularity', 'portfolio', 'power', 'wealth']
['beginning', 'cover', 'landing', 'launch', 'opening', 'purchase', 'release', 'start']
['being', 'finding', 'meaning', 'means', 'thinking']
['belief', 'confidence', 'conviction', 'custom', 'fact', 'faith', 'opinion', 'suspicion']
['belt', 'cloth', 'clothes', 'coat', 'collar', 'dress', 'garment', 'hair', 'jacket', 'mask', 'shirt', 'skirt', 'sleeve', 'suit', 'trousers', 'uniform']
['bench', 'ceiling', 'chamber', 'counter', 'curtain', 'deck', 'desk', 'fence', 'floor', 'guitar', 'hole', 'interior', 'ladder', 'pavement', 'phone', 'pillow', 'pole', 'roof', 'screen', 'shelf', 'sofa', 'telephone']
['black', 'brown', 'gold', 'green', 'white']
['block', 'caution', 'conduct', 'injunction', 'notice', 'order', 'penalty', 'punishment', 'remedy', 'rule', 'sanction', 'sentence', 'warrant']
['board', 'commission', 'committee', 'council', 'court', 'delegation', 'jury', 'panel', 'tribunal']
['bone', 'brain', 'flesh', 'material', 'muscle', 'nerve', 'skin', 'soil', 'stem', 'tissue']
['book', 'essay', 'novel', 'painting', 'phrase', 'poem', 'song', 'tune', 'verse']
['branch', 'chapter', 'coalition', 'faction', 'family', 'gang', 'group', 'movement', 'party']
['breach', 'clash', 'conflict', 'dispute', 'mess', 'problem', 'struggle']
['breakfast', 'diet', 'dinner', 'dish', 'food', 'lunch', 'meal']
['breath', 'doubt', 'grin', 'hell', 'kiss', 'laugh', 'plenty', 'sigh', 'sleep', 'smile', 'support']
['breeze', 'cloud', 'darkness', 'dust', 'flame', 'heat', 'light', 'mist', 'rain', 'sand', 'shadow', 'smoke', 'snow', 'storm', 'sunlight', 'tide', 'waters', 'weather', 'wind']
['bridge', 'canal', 'corridor', 'line', 'rail', 'railway', 'tunnel']
['britain', 'china', 'france', 'germany', 'gorbachev', 'hitler', 'iraq', 'israel', 'italy', 'japan', 'kingdom', 'moscow', 'republic', 'rome', 'russia', 'spain', 'union']
['brow', 'face', 'finger', 'foot', 'hand', 'handle', 'head', 'shoulder', 'tail']
['budget', 'earnings', 'expenditure', 'income', 'profit', 'revenue', 'spending', 'traffic', 'treasury']
['bulk', 'half', 'part', 'portion', 'quarter', 'remainder', 'rest', 'section', 'stretch', 'whole']
['burden', 'cost', 'damage', 'damages', 'harm', 'load', 'risk', 'threat', 'waste', 'weight']
['business', 'community', 'industry', 'market', 'profession', 'scene', 'sector', 'sport']
['buyer', 'collector', 'consumer', 'creditor', 'customer', 'employer', 'farmer', 'holder', 'investor', 'landlord', 'owner', 'publisher', 'purchaser', 'seller', 'shareholder', 'tenant']
['cabinet', 'department', 'embassy', 'ministry', 'office']
['cancer', 'defect', 'disease', 'disorder', 'exposure', 'illness', 'infection', 'injury', 'surgery']
['captain', 'chief', 'command', 'commander', 'constable', 'inspector', 'major', 'master', 'officer', 'pilot', 'sergeant']
['card', 'chip', 'computer', 'core', 'device', 'disc', 'disk', 'memory', 'processor', 'space', 'tape']
['carpet', 'circle', 'grass']
['cash', 'money']
['cast', 'crew', 'squad', 'staff', 'team']
['castle', 'cathedral', 'chapel', 'christ', 'church', 'hall', 'temple', 'tower']
['cause', 'change', 'decline', 'delay', 'drop', 'gain', 'increase', 'limit', 'measure', 'reduction', 'result', 'rise', 'spread']
['century', 'couple', 'decade', 'generation', 'lifetime', 'month', 'period', 'season', 'week', 'year']
['certificate', 'class', 'course', 'curriculum', 'education', 'instruction', 'lesson', 'program', 'programme', 'schedule', 'teaching', 'training']
['chain', 'channel', 'circuit', 'cluster', 'network', 'radio', 'service', 'station', 'system', 'television']
['challenge', 'contest', 'exercise', 'open', 'rally', 'test']
['champion', 'championship', 'competition', 'event', 'final', 'match', 'qualification', 'title', 'tournament']
['chance', 'opportunity', 'possibility', 'prospect', 'prospects']
['chaos', 'confusion', 'contradiction', 'controversy', 'danger', 'difficulty', 'disappointment', 'embarrassment', 'frustration', 'speculation', 'tension', 'trouble', 'uncertainty']
['character', 'diary', 'mystery', 'myth', 'plot', 'script', 'story', 'tale']
['check', 'glance', 'glimpse', 'look', 'sight']
['chemical', 'compound', 'facility', 'factory', 'mine', 'plant']
['circumstance', 'fashion', 'manner', 'mode', 'nature', 'pattern', 'style', 'succession', 'vein']
['climate', 'culture', 'economy', 'environment', 'landscape', 'language', 'tradition']
['clinic', 'collection', 'complex', 'gallery', 'library', 'museum']
['club', 'division', 'football', 'league']
['co-operation', 'communication', 'conversion', 'development', 'expansion', 'extension', 'growth', 'improvement', 'independence', 'innovation', 'integration', 'interaction', 'isolation', 'merger', 'recovery', 'reform', 'representation', 'separation', 'transformation', 'transition']
['coach', 'defender', 'driver', 'forward', 'player', 'receiver', 'rider']
['code', 'datum', 'definition', 'format', 'framework', 'interface', 'model', 'module', 'package', 'platform', 'protocol', 'specification', 'standard', 'version']
['colour', 'design', 'effect', 'form', 'grip', 'outline', 'shape', 'size', 'structure']
['comfort', 'freedom', 'glory', 'happiness', 'life', 'love', 'peace', 'pleasure', 'prayer', 'pride', 'progress', 'satisfaction', 'self', 'survival', 'truth', 'unity', 'warmth']
['commitment', 'duty', 'liability', 'obligation', 'responsibility', 'right', 'rights']
['concentration', 'frequency', 'incidence', 'intensity', 'symptom', 'variation']
['consequence', 'distinction', 'evidence', 'expectation', 'explanation', 'goal', 'hint', 'implication', 'intention', 'motive', 'outcome', 'proof', 'reason', 'virtue']
['constraint', 'discrimination', 'error', 'inequality', 'interval', 'limitation', 'obstacle', 'parameter', 'priority', 'restriction', 'stimulus', 'stress', 'variable']
['consultant', 'expert', 'practitioner', 'professional', 'specialist', 'whilst']
['content', 'contents', 'description', 'image', 'name', 'photograph', 'picture', 'portrait', 'signature', 'symbol']
['continent', 'earth', 'heaven', 'moon', 'ocean', 'planet', 'universe', 'world']
['cottage', 'estate', 'farm', 'forest', 'home', 'land', 'mill', 'pond', 'property', 'reserve', 'settlement', 'village']
['count', 'crown', 'duke', 'earl', 'emperor', 'king', 'knight', 'lord', 'pope', 'prince', 'princess', 'queen']
['crack', 'fragment', 'piece', 'sample', 'slice', 'sort', 'stitch', 'strip', 'tear', 'trick']
['crisis', 'depression', 'dilemma', 'disaster', 'panic', 'poverty', 'recession', 'revolution', 'scandal', 'shortage', 'situation', 'tragedy']
['currency', 'debt', 'deficit', 'deposit', 'dividend', 'inflation', 'investment', 'mortgage', 'premium', 'price', 'rent', 'stake', 'stock', 'surplus', 'transaction', 'turnover', 'unemployment']
['current', 'fate', 'future', 'middle', 'other', 'past', 'present', 'youth']
['cycle', 'phase', 'round', 'stage']
['defeat', 'draw', 'lead', 'loss', 'triumph', 'victory']
['defence', 'opposition', 'pressure', 'reaction', 'resistance']
['degree', 'grade', 'level', 'rank', 'scale']
['depth', 'depths', 'distance', 'extent', 'height', 'length']
['detail']
['difference', 'distribution', 'equivalent', 'factor', 'function', 'index', 'rate', 'rating', 'ratio', 'temperature']
['discovery', 'observation', 'reflection']
['door', 'doorway', 'entrance', 'gate', 'stair', 'wall', 'window']
['drive', 'hunt', 'lift', 'play', 'race', 'ride', 'slide', 'stand', 'stop', 'walk', 'watch']
['east', 'gulf', 'north', 'south', 'west']
['effort', 'enterprise', 'experiment', 'initiative', 'label', 'project', 'venture']
['electricity', 'equipment', 'furniture', 'gear', 'goods', 'machinery', 'personnel', 'software', 'stuff', 'supplies', 'technology']
['emission', 'noise', 'pollution', 'pulse', 'signal']
['evolution', 'history']
['example', 'instance', 'purpose', 'time', 'while']
['exchange', 'export', 'import', 'port', 'supply', 'trade', 'trading', 'transport']
['expedition', 'flight', 'holiday', 'journey', 'mission', 'path', 'pursuit', 'route', 'tour', 'trail', 'trip', 'visit']
['favour', 'honour', 'respect', 'thanks']
['field', 'ground', 'pitch', 'score', 'track']
['flavour', 'scent', 'smell', 'sound', 'taste', 'touch']
['fraction', 'handful', 'majority', 'minority', 'percentage', 'population', 'proportion', 'share']
['gene', 'protein', 'strain', 'virus']
['hour', 'minute', 'seconds']
['hundred', 'million', 'thousand']
['impact', 'importance', 'merit', 'origin', 'significance', 'status', 'validity', 'value']
['interest', 'intervention', 'involvement', 'membership', 'participation', 'presence', 'role']
['journal', 'magazine', 'mail', 'media', 'news', 'newspaper', 'paper', 'papers', 'post', 'press', 'print', 'publication']
['lane', 'road', 'square', 'street', 'terrace']
['leeds', 'liverpool', 'london', 'oxford', 'paris', 'washington', 'york']
['matter', 'object', 'subject', 'target', 'topic']
['mechanism', 'method', 'operation', 'practice', 'procedure', 'proceedings', 'process', 'ritual', 'routine', 'tactic', 'task', 'technique']
['observer', 'reader', 'traveller', 'viewer', 'visitor']
['secret', 'will', 'wish']
