['dollar', 'coin', 'currency', 'dollar', 'worth']
['formula', 'formula', 'model']
['pound', 'acre', 'pound', 'tonne']
['quote', 'reference']
['ability', 'capability', 'skill']
['absence', 'lack', 'plenty', 'shortage']
['abuse', 'discrimination', 'terror', 'violence']
['acceptance', 'failure', 'isolation', 'reflection', 'refusal', 'rejection', 'removal', 'separation']
['access', 'connection', 'contact', 'link', 'links', 'relation']
['accident', 'bomb', 'boom', 'crash', 'explosion', 'incident']
['accommodation', 'apartment', 'housing', 'shelter']
['account', 'editor', 'person', 'user']
['accountant', 'citizen', 'doctor', 'engineer', 'judge', 'lawyer', 'politician', 'soldier', 'solicitor']
['accuracy', 'availability', 'compliance', 'effectiveness', 'efficiency', 'quality', 'survival', 'validity']
['achievement', 'gold', 'honour', 'medal']
['acid', 'compound', 'domain', 'gene', 'molecule', 'particle', 'protein', 'sequence', 'strand']
['acquisition', 'closure', 'completion', 'launch', 'opening', 'release']
['action', 'conversion', 'destruction', 'evolution', 'integration', 'operation', 'promotion', 'recovery', 'transformation', 'transition']
['activity', 'involvement', 'participation', 'presence']
['actor', 'architect', 'artist', 'dancer', 'designer', 'photographer', 'producer', 'publisher', 'scientist']
['adam', 'charlie', 'david', 'jack', 'luke', 'mark', 'martin', 'michael', 'nigel', 'patrick', 'paul', 'peter', 'simon', 'stephen', 'tony']
['addition', 'comparison', 'contrast']
['address', 'answer', 'call', 'letter', 'message', 'reaction', 'reply', 'response']
['administration', 'government', 'office', 'regime']
['admission', 'entrance', 'entry', 'passage']
['adoption', 'creation', 'establishment', 'formation', 'introduction', 'merger']
['adult', 'female', 'male']
['advance', 'progress']
['advantage', 'aspect', 'nature']
['advertisement', 'advertising', 'publicity']
['advice', 'direction', 'guidance', 'guide']
['adviser', 'analyst', 'consultant', 'expert', 'researcher', 'specialist']
['affair', 'clash', 'conflict', 'dispute', 'struggle']
['africa', 'america', 'china', 'india', 'japan', 'kong', 'moscow', 'russia']
['afternoon', 'evening', 'morning', 'night', 'weekend']
['agency', 'entity', 'group', 'movement', 'network', 'organisation', 'organization']
['agenda', 'culture', 'faction', 'hitler', 'ideology', 'marx', 'policy', 'politics', 'religion']
['agent', 'commentator', 'critic', 'interview', 'journalist', 'news', 'observer', 'reporter']
['agreement', 'deal', 'treaty']
['aircraft', 'carrier', 'flight', 'helicopter', 'missile', 'pilot', 'plane', 'vehicle']
['airline', 'airport', 'port', 'station']
['alarm', 'cable', 'packet', 'phone', 'telephone']
['album', 'band', 'label']
['alcohol', 'chemical', 'drug', 'matter', 'substance']
['alice', 'anna', 'blanche', 'emily', 'helen', 'jane', 'lucy', 'maggie', 'penny', 'rachel', 'robyn', 'ruth', 'sarah', 'susan']
['allegation', 'complaint', 'hearing', 'objection', 'petition', 'report', 'sanction']
['alliance', 'coalition', 'initiative', 'party']
['allocation', 'delivery', 'distribution', 'management']
['allowance', 'budget', 'dividend', 'earnings', 'employment', 'income', 'profit', 'revenue', 'wages', 'wealth']
['ally', 'colleague', 'companion', 'fellow', 'friend', 'neighbour', 'supporter']
['alternative', 'official']
['ambassador', 'embassy']
['ambition', 'desire', 'instinct', 'intention', 'motive', 'need', 'passion', 'reason', 'tendency', 'willingness', 'wish']
['amendment', 'clause', 'constitution', 'convention', 'legislation', 'statute']
['american', 'english', 'french', 'german', 'russian']
['amount', 'bulk', 'degree', 'dose', 'excess', 'extent', 'fraction', 'percentage', 'proportion', 'quantity']
['analysis', 'assessment', 'description', 'evaluation', 'interpretation', 'statistics']
['angel', 'heaven', 'hell']
['anger', 'anxiety', 'concern', 'confusion', 'curiosity', 'delight', 'disappointment', 'embarrassment', 'excitement', 'frustration', 'guilt', 'hostility', 'panic', 'pride', 'uncertainty']
['angle', 'breeze', 'curve', 'edge', 'shelf', 'side', 'slope', 'surface']
['animal', 'human', 'insect', 'mouse']
['ankle', 'elbow', 'knee', 'shoulder', 'surgery']
['anne', 'caroline', 'elizabeth', 'marie', 'mary']
['anniversary', 'birthday', 'edition']
['announcement', 'approval', 'consent', 'decision', 'invitation', 'proposal', 'recommendation', 'request', 'suggestion']
['appeal', 'arrest', 'conviction', 'offence', 'prosecution', 'punishment', 'sentence', 'trial', 'verdict']
['appearance', 'display', 'performance', 'presentation', 'reception', 'speech']
['apple', 'crop', 'potato', 'seed']
['applicant', 'creditor', 'defendant', 'employer', 'plaintiff', 'purchase', 'purchaser', 'sale', 'stake', 'tenant', 'transaction']
['application', 'client', 'database', 'enterprise', 'framework', 'implementation', 'software']
['appointment', 'death', 'resignation', 'retirement', 'successor']
['approach', 'campaign', 'gesture', 'method', 'strategy', 'tactic', 'technique', 'trick']
['april', 'february', 'june', 'march']
['architecture', 'design', 'style']
['area', 'region', 'zone']
['argument', 'bias', 'fact', 'hint', 'implication']
['army', 'force', 'guard', 'people', 'troops']
['arrangement', 'composition', 'shape']
['array', 'field', 'range', 'spectrum']
['arrival', 'departure', 'discovery', 'left', 'replacement', 'return', 'withdrawal']
['arrow', 'blade', 'fist', 'knife', 'knight', 'sword', 'weapon']
['article', 'category', 'essay', 'list', 'page', 'paragraph']
['assault', 'attack', 'enemy', 'invasion', 'landing', 'occupation', 'raid']
['assembly', 'board', 'committee', 'congress', 'council', 'parliament']
['asset', 'developer', 'employee', 'firm', 'insider', 'investment', 'investor', 'shareholder']
['assistance', 'help', 'intervention', 'permission', 'protection', 'refugee', 'relief', 'support']
['assistant', 'chief', 'deputy']
['association', 'club', 'union']
['assumption', 'belief', 'claim', 'concept', 'conception', 'definition', 'doctrine', 'expectation', 'hypothesis', 'idea', 'norm', 'notion', 'possibility', 'premise', 'principle', 'proposition', 'representation', 'sense', 'theory', 'view']
['athelstan', 'benjamin', 'bill', 'charles', 'edward', 'eliot', 'francis', 'george', 'harry', 'henry', 'james', 'john', 'joseph', 'philip', 'richard', 'robert', 'thomas', 'william']
['atmosphere', 'climate', 'environment', 'resource']
['attempt', 'effort', 'order']
['attention', 'confidence', 'contempt', 'enthusiasm', 'favour', 'interest', 'recognition', 'respect', 'sympathy', 'thanks']
['attitude', 'feeling', 'laughter', 'mood', 'pitch', 'tone']
['attraction', 'barrier', 'challenge', 'obstacle']
['audience', 'cast', 'crowd', 'reader', 'viewer']
['auditor', 'clerk', 'governor', 'treasury']
['australia', 'england', 'ireland', 'scotland', 'wales']
['author', 'historian', 'poet', 'scholar', 'traveller', 'writer']
['authority', 'burden', 'care', 'duty', 'jurisdiction', 'priority', 'privilege', 'responsibility']
['autumn', 'fall', 'spring', 'summer', 'winter']
['average', 'limit', 'maximum', 'minimum']
['award', 'prize', 'winner']
['awareness', 'experience', 'expertise', 'information', 'insight', 'knowledge', 'talent', 'understanding']
['baby', 'girl', 'woman']
['back', 'forward']
['background', 'context', 'coverage', 'detail', 'perspective', 'scope', 'setting']
['bacterium', 'organism', 'species', 'specimen', 'virus']
['baker', 'bell', 'cook', 'corbett', 'jones', 'lewis', 'miller', 'mungo', 'walker', 'williams']
['balance', 'concentration', 'exposure', 'expression', 'intensity', 'profile', 'relative', 'sensitivity', 'speed', 'stability', 'strength', 'vision', 'weight']
['ball', 'belt', 'glove', 'mask', 'ring']
['bank', 'credit', 'debt', 'insurance', 'liability', 'loan', 'mortgage', 'savings', 'stock']
['barrel', 'needle', 'pole', 'shaft', 'tube', 'wheel']
['base']
['basis', 'habit', 'ideal', 'necessity', 'purpose', 'virtue']
['basket', 'bench', 'chamber', 'coffin', 'cupboard', 'desk', 'downstairs', 'nest', 'sofa']
['bath', 'leeds', 'liverpool', 'london', 'oxford', 'york']
['bathroom', 'bedroom', 'garage', 'household', 'kitchen', 'room']
['battery', 'engine', 'fuel', 'waste']
['battle', 'fight', 'fighting', 'pursuit']
['beach', 'island', 'lake', 'pond', 'river']
['beam', 'frequency', 'impulse', 'pulse', 'shock', 'signal', 'wave']
['beauty', 'comfort', 'courage', 'emotion', 'warmth']
['beer', 'coffee', 'drink', 'wine']
['beginning', 'middle', 'remainder', 'rest', 'start']
['behaviour', 'circumstance', 'condition', 'phenomenon', 'situation']
['being']
['benefit', 'damage', 'damages', 'harm']
['best', 'choice', 'preference']
['bible', 'christ', 'christian', 'jesus']
['bike', 'boat', 'craft', 'ship', 'vessel']
['bird', 'fish', 'prey', 'rabbit']
['birth', 'marriage']
['bishop', 'priest']
['black', 'brown', 'green', 'white']
['blanket', 'subject', 'topic']
['block', 'distance', 'pass', 'stretch', 'track']
['blood', 'bone', 'brain', 'cell', 'layer', 'muscle', 'soil', 'stem', 'tissue']
['blow', 'defeat', 'face', 'loss', 'triumph', 'victory']
['body', 'corpse', 'grave', 'remains']
['bond', 'friendship', 'relationship', 'unity']
['book', 'diary', 'secret']
['boot', 'disc', 'disk', 'file', 'memory']
['border', 'boundary']
['boss', 'kiss', 'love', 'lover', 'servant', 'soul']
['bottle', 'champagne', 'cigarette', 'glass', 'pint', 'pipe', 'shell']
['bottom', 'front']
['bowl', 'competition', 'contest', 'event', 'game', 'match', 'play', 'round', 'tournament', 'trophy']
['branch', 'corner', 'margin', 'part', 'piece', 'portion', 'section', 'stream']
['brand', 'export', 'import', 'maker', 'manufacturer', 'source', 'supplier', 'vendor']
['breach', 'consequence', 'contradiction', 'difference', 'distinction']
['bread', 'cake', 'cream', 'dish', 'punch', 'recipe', 'slice']
['break', 'crack', 'drop', 'kick', 'lead', 'lift', 'roll', 'tear', 'turn']
['breakfast', 'dinner', 'host', 'lunch', 'meal']
['breast', 'brow', 'cheek', 'chest', 'eyebrow', 'foot', 'forehead', 'hand', 'heel', 'neck', 'sleeve', 'stomach', 'thigh', 'waist', 'wing']
['breath', 'grin', 'sigh', 'smile']
['brick', 'metal', 'stone', 'wood']
['bridge', 'canal', 'cross', 'lock', 'tunnel']
['britain', 'europe', 'france', 'germany', 'italy', 'paris', 'rome', 'spain']
['brother', 'family', 'father', 'husband', 'mother']
['brush', 'gaze', 'heart', 'limb', 'nerve', 'spine', 'stroke', 'tongue', 'vein', 'wound']
['bucket', 'chip', 'container', 'deck', 'flat', 'pack', 'package', 'patch', 'pillow', 'plate', 'pool', 'slide', 'stick', 'table', 'towel', 'tray']
['building', 'complex', 'construction', 'palace', 'structure', 'tower']
['bull', 'seal']
['bullet', 'hole', 'trap']
['bush', 'clinton', 'gorbachev', 'thatcher', 'washington']
['business', 'economy', 'industry', 'sector']
['button', 'menu', 'signature']
['buyer', 'consumer', 'customer', 'dealer', 'premium', 'seller']
['cabinet', 'commissioner', 'minister', 'ministry', 'prime', 'secretary', 'spokesman']
['calculation', 'datum', 'estimate', 'mass', 'measure', 'measurement', 'observation', 'questionnaire', 'reduction', 'scale', 'survey', 'test']
['camera', 'tape']
['camp', 'tent']
['cancer', 'depression', 'disease', 'illness', 'infection', 'injury']
['candidate', 'conservative', 'councillor', 'democrat', 'election', 'labour', 'tory']
['candle', 'clock', 'lamp', 'light', 'mirror']
['capacity', 'consumption', 'format', 'input', 'load', 'output', 'production']
['capital', 'cost', 'ease', 'expenditure', 'expense']
['captain', 'commander', 'headquarters', 'leader', 'officer', 'sergeant']
['card', 'cash', 'cheque', 'deposit', 'gift', 'mail', 'money', 'receipt', 'ticket']
['career', 'life', 'lifetime']
['carpet', 'furniture', 'garment', 'nail', 'shoe']
['carriage', 'lorry', 'motor', 'tank', 'taxi', 'train', 'truck']
['case', 'example', 'instance', 'moment', 'occasion', 'point']
['castle', 'city', 'province', 'town', 'village']
['catalogue', 'copy', 'fragment', 'version']
['cathedral', 'chapel', 'church', 'mission', 'temple']
['cattle', 'horse', 'sheep']
['cause', 'characteristic', 'defect', 'disorder', 'pain', 'pattern', 'stimulus', 'symptom', 'weakness']
['caution', 'doubt', 'impression', 'suspicion']
['ceiling', 'floor', 'frame', 'pavement', 'roof', 'tile']
['centre', 'department', 'institute', 'institution', 'society']
['century', 'interval', 'period', 'time', 'times']
['ceremony', 'conference', 'meeting', 'session', 'summit']
['certificate', 'criterion', 'guideline', 'limitation', 'provision', 'requirement', 'restriction', 'standard']
['chain', 'hotel', 'restaurant']
['chair', 'chairman', 'chancellor', 'director', 'executive', 'member', 'organiser', 'president', 'speaker', 'trustee']
['champion', 'championship', 'division', 'league', 'title']
['chance', 'incentive', 'opportunity', 'option']
['change', 'deficit', 'shift', 'switch']
['channel', 'radio', 'television', 'video']
['chaos', 'darkness', 'rage', 'shadow', 'silence']
['chapter', 'episode', 'season', 'series', 'show']
['character', 'personality', 'reality']
['charge', 'possession']
['charity', 'finance', 'foundation', 'fund', 'trust']
['chart', 'motion', 'record', 'recording', 'studio']
['charter', 'concession', 'contract', 'lease', 'licence']
['check', 'glance', 'laugh', 'look']
['child', 'cousin', 'daughter', 'princess', 'sister', 'wife']
['chin', 'head', 'horn', 'mouth', 'nose', 'sight', 'tail']
['circle', 'dimension', 'sphere']
['circuit', 'constituency', 'county', 'district', 'ward']
['clarke', 'graham', 'grant', 'howard', 'jackson', 'johnson', 'kelly', 'kinnock', 'morgan', 'scot', 'scott', 'smith', 'taylor', 'wilson', 'wright']
['class', 'generation']
['cliff', 'forest', 'hill', 'mountain', 'peak', 'ridge', 'valley']
['clinic', 'laboratory', 'research', 'workshop']
['cloth', 'clothes', 'coat', 'collar', 'dress', 'jacket', 'shirt', 'skirt', 'suit', 'trousers', 'uniform']
['cloud', 'mist', 'rain', 'snow', 'storm', 'sunlight', 'tide', 'weather', 'wind']
['cluster', 'component', 'core', 'element', 'equivalent', 'factor', 'feature', 'ingredient', 'medium', 'unit']
['co-operation', 'joint', 'partnership', 'service', 'venture']
['coach', 'football', 'manager']
['coal', 'mine']
['coast', 'gulf', 'shore']
['code', 'content', 'contents', 'document', 'outline', 'script', 'text']
['collapse', 'decline', 'increase', 'rise', 'trend']
['collection', 'gallery', 'library', 'museum']
['collector', 'farm', 'farmer', 'miner', 'peasant', 'worker']
['college', 'school', 'university']
['colony', 'settlement']
['colour', 'flavour', 'reputation', 'scent', 'sensation', 'smell', 'taste', 'touch']
['column', 'envelope', 'leaflet', 'volume']
['combination', 'form', 'kind', 'sort', 'type']
['command', 'control', 'defence', 'fleet', 'leadership']
['comment', 'note', 'notice', 'opinion', 'remark', 'statement', 'warning']
['commission', 'court', 'jury', 'justice', 'panel', 'tribunal']
['commitment', 'contribution', 'determination', 'loyalty', 'obligation', 'promise']
['communication', 'computer', 'filter', 'interaction', 'interface', 'mode', 'module', 'platform', 'processor', 'protocol', 'specification']
['community', 'population', 'public']
['company', 'corp', 'corporation']
['compensation', 'payment', 'pension', 'rent', 'reward', 'salary', 'subsidy']
['competitor', 'opponent', 'participant', 'partner', 'rival']
['complexity', 'delay', 'difficulty', 'success', 'trouble']
['compromise', 'remedy', 'solution']
['concert', 'exhibition', 'festival', 'guest', 'headline', 'lecture', 'theatre', 'tour']
['conclusion', 'fate', 'objective', 'outcome', 'result']
['conduct', 'exercise', 'routine']
['consciousness', 'imagination', 'mind', 'perception', 'senses']
['consensus', 'consideration', 'consultation', 'conversation', 'dialogue', 'discussion', 'negotiation', 'talk', 'thread']
['constable', 'detective', 'inspector', 'magistrate', 'police', 'policeman']
['constraint', 'equation', 'function', 'index', 'item', 'object', 'parameter', 'variable']
['continent', 'country', 'nation', 'republic', 'state', 'territory']
['controversy', 'debate', 'discourse', 'poll']
['corridor', 'path', 'road', 'route', 'trail']
['cottage', 'home', 'house', 'villa']
['count', 'rating', 'score', 'wicket']
['counter', 'opposition', 'rebel', 'resistance']
['countryside', 'interior', 'landscape', 'scene']
['couple', 'glimpse', 'handful', 'mixture', 'number', 'pair', 'variety']
['course', 'curriculum', 'program', 'programme', 'project', 'sport']
['cover', 'image', 'paint', 'photograph', 'picture', 'portrait', 'poster', 'sample', 'shot', 'statue']
['creature', 'ghost', 'monster']
['crew', 'personnel', 'staff']
['crime', 'gang', 'killing', 'murder', 'suicide']
['crisis', 'recession', 'revolution', 'scandal']
['criticism', 'rumour', 'speculation']
['crown', 'duke', 'king', 'kingdom', 'prince', 'queen']
['current', 'present']
['curtain', 'fence', 'screen']
['custom', 'history', 'myth', 'tradition']
['cycle', 'mechanism', 'phase', 'procedure', 'process', 'system', 'tool']
['dance', 'music', 'rock']
['danger', 'fear', 'risk', 'threat']
['date', 'decade', 'month', 'week', 'year']
['dawn', 'earth', 'horizon', 'moon', 'planet', 'star']
['declaration', 'decree', 'directive', 'injunction', 'resolution', 'rule', 'succession']
['defender', 'spell', 'teenager', 'youngster']
['delegate', 'delegation', 'expedition', 'representative']
['demand', 'flow', 'supplies', 'supply', 'surplus', 'transport']
['democracy', 'freedom', 'independence']
['demonstration', 'ford', 'race', 'rally']
['depth', 'depths', 'height', 'length', 'size']
['development', 'growth', 'innovation', 'turnover']
['device', 'instrument', 'organ']
['diana', 'isabel', 'kate', 'laura', 'willie']
['diet', 'existence', 'lifespan', 'schedule', 'spending']
['dilemma', 'fault', 'issue', 'problem', 'question', 'task']
['disaster', 'flood', 'tragedy']
['discipline', 'hierarchy', 'regulation']
['discretion', 'judgement', 'judgment']
['door', 'doorway', 'gate', 'stair', 'wall', 'window']
['draft', 'selection']
['drama', 'film', 'horror', 'movie', 'mystery']
['draw', 'drawing', 'painting', 'reading']
['dream', 'fortune', 'glory', 'happiness', 'peace', 'pleasure', 'satisfaction', 'sleep', 'truth']
['drive', 'ride', 'stand', 'walk']
['driver', 'player', 'receiver', 'rider']
['dust', 'grass', 'palm', 'salt', 'sand']
['earl', 'lady', 'lord']
['east', 'north', 'south', 'west']
['education', 'health', 'reform', 'safety', 'security', 'welfare', 'youth']
['effect', 'emphasis', 'focus', 'impact', 'influence']
['electricity', 'emission', 'energy', 'heat', 'intelligence', 'momentum', 'pollution', 'power', 'space']
['emperor', 'empire', 'pope']
['enquiry', 'examination', 'inquiry', 'inspection', 'investigation', 'proceedings', 'review']
['equipment', 'facility', 'gear', 'goods', 'machinery', 'maintenance', 'technology']
['error', 'joke', 'mistake', 'surprise']
['estate', 'land', 'portfolio', 'property']
['evidence', 'explanation', 'proof']
['exchange', 'monopoly', 'trade', 'trading']
['expansion', 'extension', 'improvement']
['experiment', 'search', 'study', 'work']
['fabric', 'fibre']
['factory', 'mill', 'plant', 'shop', 'store']
['faith', 'hope', 'prospect']
['fashion', 'manner']
['figure', 'hero', 'spirit']
['final', 'second']
['finding', 'thinking', 'thought']
['finger', 'pocket', 'thumb', 'wrist']
['fire', 'flame', 'smoke', 'torch']
['flag', 'sign']
['flesh', 'hair', 'skin', 'throat']
['flower', 'fruit', 'rose', 'tree']
['food', 'grain', 'juice', 'meat', 'milk', 'sugar', 'sweat']
['future', 'past', 'potential', 'prospects']
['gain', 'handle', 'hold', 'holding', 'offer', 'open', 'share']
['garden']
['gentleman', 'killer', 'stranger', 'thief']
['goal', 'penalty']
['grade', 'level', 'stage']
['grip', 'hook', 'ladder', 'rope', 'stitch', 'string', 'wire']
['ground', 'grounds']
['guitar', 'rhythm']
['half', 'quarter']
['hall', 'lane', 'park', 'square', 'street', 'terrace']
['heap', 'pile']
['holder', 'landlord', 'operator', 'owner', 'ownership']
['holiday', 'tourist', 'visitor']
['hospital', 'prison', 'prisoner']
['hour', 'minute', 'seconds']
['hundred', 'million', 'thousand']
['hunt', 'lamb']
['identification', 'identity', 'origin']
['importance', 'popularity', 'significance', 'status', 'value']
['inch', 'metre', 'mile', 'yard']
['incidence', 'pace', 'price', 'rate', 'ratio']
['individual', 'other']
['inequality', 'inflation', 'poverty', 'unemployment']
['inhabitant', 'living', 'resident']
['instruction', 'preparation', 'qualification', 'reserve', 'training', 'treatment']
['iraq', 'israel']
['journal', 'magazine', 'newspaper', 'publication']
['journey', 'trip', 'visit']
['knot']
['language', 'name', 'phrase', 'symbol', 'term', 'word']
['leaf', 'root', 'tooth']
['lesson', 'master', 'nurse', 'practitioner', 'pupil', 'student', 'teacher', 'teaching']
['let', 'will']
['lily']
['line', 'passenger', 'rail', 'railway', 'traffic']
['literature', 'poem', 'poetry', 'verse', 'writing']
['location', 'place', 'site', 'spot', 'target']
['logic', 'medicine', 'philosophy', 'science', 'thesis']
['machine']
['major', 'professional']
['majority', 'minority']
['market']
['material', 'mess', 'stuff', 'thing']
['meaning', 'means']
['media', 'press']
['membership', 'referendum', 'vote', 'voter']
['merit', 'warrant']
['move', 'step', 'stop', 'transfer']
['noise', 'sound', 'voice']
['novel', 'plot', 'story', 'strip', 'tale']
['ocean', 'water', 'waters']
['offender', 'patient', 'victim', 'witness']
['paper', 'papers', 'print', 'sheet']
['parent', 'subsidiary']
['plan', 'planning', 'scheme']
['position', 'post', 'rank', 'role', 'seat', 'stance']
['practice', 'profession']
['prayer', 'ritual']
['pressure', 'temperature', 'tension']
['product']
['protest', 'strike']
['register']
['right', 'rights']
['self']
['song', 'theme', 'tune']
['spread']
['squad', 'team']
['strain', 'stress', 'variation']
['total', 'whole']
['trace']
['universe', 'world']
['volunteer']
['watch']
['while', 'whilst']
