['dollar', 'coin', 'currency', 'dollar', 'gold', 'penny']
['formula', 'compound', 'formula']
['pound', 'acre', 'pound', 'tonne']
['quote', 'bible', 'contents', 'copy', 'format', 'script', 'text']
['ability', 'confidence', 'pace', 'resistance', 'speed', 'strength']
['absence', 'breach', 'lack', 'plenty', 'shortage']
['abuse', 'bias', 'discrimination', 'violence']
['acceptance', 'adoption', 'recognition', 'rejection']
['access', 'allocation', 'availability', 'consumption', 'delivery', 'demand', 'distribution', 'quality']
['accident', 'crash', 'disaster', 'explosion', 'incident']
['accommodation', 'shelter', 'tent']
['account', 'block', 'talk', 'user']
['accountant', 'citizen', 'journalist', 'lawyer', 'politician', 'servant']
['accuracy', 'capability', 'effectiveness', 'efficiency', 'survival', 'validity']
['achievement', 'award', 'best', 'medal', 'prize', 'winner']
['acid', 'chemical', 'envelope', 'fragment', 'gene', 'molecule', 'protein', 'reaction', 'sequence', 'strand']
['acquisition', 'offer', 'premium', 'purchase', 'rent', 'sale', 'transfer']
['action']
['activity', 'boom', 'decline', 'expansion', 'growth', 'progress', 'rise', 'turnover']
['actor', 'designer', 'producer']
['adam', 'david', 'luke', 'mark', 'michael', 'nigel', 'paul', 'peter', 'simon']
['addition', 'comparison', 'contrast', 'reference']
['address', 'answer', 'comment', 'desk', 'message', 'question', 'remark', 'reply', 'response', 'thanks']
['administration', 'government', 'public', 'regime', 'treasury']
['admission', 'applicant', 'defendant', 'offender', 'plaintiff']
['adult', 'female', 'male']
['advance', 'back', 'move', 'return', 'start', 'turn']
['advantage', 'chance', 'incentive', 'opportunity', 'option']
['advertisement', 'advertising', 'media', 'publicity']
['advice', 'assistance', 'consultation', 'guidance', 'help', 'intervention', 'protection', 'relief', 'support']
['adviser', 'analyst', 'commentator', 'consultant', 'insider', 'reporter']
['affair', 'conversation', 'dialogue', 'interview', 'relationship', 'silence', 'thread']
['africa', 'america', 'australia', 'continent', 'europe', 'india', 'iraq', 'world']
['afternoon', 'evening', 'morning', 'night', 'weekend']
['agency', 'intelligence', 'secret', 'security']
['agenda', 'policy']
['agent', 'detective', 'police', 'policeman', 'shot', 'soldier']
['agreement', 'concession', 'contract', 'deal', 'lease', 'licence', 'loan', 'sign', 'spell']
['aircraft', 'airline', 'carrier', 'flight', 'helicopter', 'landing', 'missile', 'pilot', 'plane', 'transport', 'wing']
['airport', 'port']
['alarm', 'beam', 'delay', 'emission', 'frequency', 'impulse', 'output', 'pulse', 'receiver', 'signal', 'stimulus', 'wave']
['album', 'song', 'soul', 'tune']
['alcohol', 'drug', 'substance']
['alice', 'anne', 'blanche', 'caroline', 'elizabeth', 'jane', 'lady', 'mary', 'rose']
['allegation', 'case', 'claim', 'complaint', 'implication', 'rumour', 'statement', 'suspicion']
['alliance', 'coalition', 'faction', 'opposition', 'party']
['allowance', 'benefit', 'dividend', 'earnings', 'employment', 'expenditure', 'income', 'profit', 'revenue', 'salary', 'subsidy', 'wages', 'wealth']
['ally', 'defeat', 'opponent', 'rival']
['alternative', 'band', 'metal', 'rock', 'roll']
['ambassador', 'delegation', 'embassy']
['ambition', 'commitment', 'contribution', 'desire', 'loyalty', 'obligation', 'promise']
['amendment', 'charter', 'clause', 'constitution', 'decree', 'legislation', 'regulation', 'rule', 'statute']
['american', 'english', 'french', 'german', 'russian']
['amount', 'bulk', 'extent', 'fraction', 'proportion', 'quantity', 'scale', 'surplus', 'value']
['analysis', 'assessment', 'compliance', 'evaluation', 'examination', 'exercise', 'identification', 'inspection', 'questionnaire', 'survey', 'test', 'treatment']
['angel', 'creature', 'ghost', 'monster', 'stranger']
['anger', 'contempt', 'disappointment', 'embarrassment', 'fear', 'frustration', 'guilt', 'hostility', 'panic', 'rage']
['angle', 'curve', 'direction', 'knot', 'ring']
['animal', 'bird', 'insect', 'organism', 'plant', 'prey', 'species', 'specimen']
['ankle', 'chest', 'elbow', 'finger', 'foot', 'hand', 'heel', 'knee', 'left', 'limb', 'neck', 'right', 'shoulder', 'spine', 'thigh', 'thumb', 'wound', 'wrist']
['anna', 'isabel', 'marie', 'princess']
['anniversary', 'birthday', 'occasion']
['announcement', 'launch', 'official', 'release']
['anxiety', 'pain', 'sensation', 'shock', 'sleep']
['apartment', 'home', 'hotel', 'house', 'palace', 'restaurant', 'villa']
['appeal', 'conviction', 'decision', 'hearing', 'jury', 'verdict']
['appearance', 'flavour', 'recipe', 'scent', 'smell', 'taste']
['apple', 'cake', 'cream', 'drink', 'fruit', 'juice', 'milk', 'seed', 'slice', 'sugar']
['application', 'code', 'custom', 'framework', 'interface', 'model', 'package', 'protocol', 'specification', 'standard']
['appointment', 'place', 'position', 'seat', 'spot']
['approach', 'conception', 'definition', 'description', 'explanation', 'interpretation', 'outline', 'understanding']
['approval', 'consent', 'permission', 'seal']
['april', 'february', 'june', 'march']
['architect', 'artist', 'dancer', 'photographer', 'poet', 'writer']
['architecture', 'interior', 'landscape']
['area', 'countryside', 'population', 'region', 'zone']
['argument', 'objection', 'reason']
['army', 'guard', 'personnel', 'rebel', 'troops']
['arrangement', 'chamber', 'composition']
['array', 'range', 'spectrum', 'variety']
['arrest', 'crime', 'gang', 'killing', 'murder', 'offence', 'prosecution', 'punishment', 'suicide', 'trial', 'victim', 'witness']
['arrival', 'departure', 'discovery']
['arrow', 'blade', 'bullet', 'fist', 'glove', 'knife', 'pillow', 'stick', 'sword', 'weapon']
['article', 'entry', 'page', 'subject', 'topic']
['aspect', 'characteristic', 'component', 'dimension', 'element', 'generation', 'ingredient', 'item', 'object', 'symbol', 'unit']
['assault', 'attack', 'bomb', 'enemy', 'raid', 'strike']
['assembly', 'congress', 'constituency', 'election', 'parliament']
['asset', 'bank', 'business', 'enterprise', 'exchange', 'finance', 'firm', 'insurance', 'investment', 'investor', 'portfolio', 'savings', 'sector', 'shareholder', 'trading']
['assistant', 'coach', 'manager', 'owner']
['association', 'entity', 'group', 'institution', 'membership', 'movement', 'organisation', 'organization']
['assumption', 'conclusion', 'idea', 'premise', 'proposition']
['athelstan', 'crown', 'duke', 'emperor', 'king', 'kingdom', 'pope', 'prince', 'queen']
['atmosphere', 'climate', 'environment', 'nature', 'resource']
['attempt', 'effort', 'order']
['attention', 'enthusiasm', 'passion', 'respect', 'sympathy', 'talent']
['attitude', 'behaviour', 'conduct', 'habit', 'pattern']
['attraction', 'holiday', 'tourist', 'visitor']
['audience', 'crowd', 'reader', 'viewer']
['auditor', 'clerk', 'councillor', 'delegate', 'governor', 'representative', 'solicitor']
['author', 'collector', 'critic', 'developer', 'editor', 'publisher', 'traveller']
['authority', 'jurisdiction', 'possession', 'responsibility']
['autumn', 'fall', 'spring', 'summer', 'winter']
['average', 'capacity', 'lifespan', 'limit', 'maximum', 'minimum', 'ratio', 'total']
['awareness', 'care', 'health', 'housing', 'reform', 'safety', 'welfare']
['baby', 'girl', 'teenager', 'woman']
['background', 'consideration', 'context', 'coverage', 'detail', 'scope']
['bacterium', 'cancer', 'disease', 'incidence', 'infection', 'patient', 'spread', 'virus']
['baker', 'clarke', 'cook', 'corbett', 'graham', 'grant', 'hunt', 'jones', 'kelly', 'lewis', 'miller', 'morgan', 'scott', 'smith', 'taylor', 'walker', 'ward', 'williams', 'wright']
['balance', 'complexity', 'dose', 'ease', 'exposure', 'intensity', 'isolation', 'profile', 'sensitivity', 'stability']
['ball', 'drop', 'hook', 'kick', 'penalty', 'punch']
['barrel', 'grip', 'machine', 'needle', 'pipe', 'shell']
['barrier', 'bottom', 'flat', 'ground', 'horizon', 'layer', 'shelf', 'soil', 'surface', 'temperature']
['base', 'headquarters', 'mission']
['basis', 'grounds', 'site']
['basket', 'boot', 'bottle', 'bucket', 'container', 'menu', 'pack', 'plate', 'sheet', 'slide', 'table', 'tray']
['bath', 'england', 'leeds', 'liverpool', 'london', 'oxford']
['bathroom', 'bedroom', 'cupboard', 'downstairs', 'household', 'kitchen', 'sofa', 'towel']
['battery', 'candle', 'lamp', 'light', 'torch', 'tube']
['battle', 'fight', 'fighting', 'pursuit', 'struggle']
['beach', 'coast', 'gulf', 'island', 'ocean', 'shore', 'side']
['beauty', 'comfort', 'glory', 'happiness', 'pleasure', 'satisfaction', 'self', 'truth']
['beer', 'champagne', 'coffee', 'pint', 'wine']
['beginning', 'conversion', 'creation', 'establishment', 'introduction', 'opening', 'passage', 'version']
['being', 'finding', 'search']
['belief', 'fact', 'faith']
['bell', 'castle', 'clock', 'gate', 'tower']
['belt', 'blanket', 'cloth', 'clothes', 'coat', 'collar', 'dress', 'flag', 'garment', 'jacket', 'mask', 'shirt', 'skirt', 'sleeve', 'stitch', 'suit', 'trousers', 'uniform']
['bench', 'circuit', 'court', 'judge', 'justice', 'magistrate', 'tribunal']
['benjamin', 'eliot', 'george', 'harry', 'james', 'john', 'martin', 'mungo', 'patrick', 'richard', 'robert', 'scot', 'stephen', 'thomas']
['bike', 'carriage', 'driver', 'lorry', 'motor', 'tank', 'taxi', 'truck', 'vehicle']
['bill', 'charlie', 'jack', 'tony', 'willie']
['birth', 'brother', 'child', 'cousin', 'daughter', 'family', 'father', 'husband', 'marriage', 'mother', 'sister', 'successor', 'wife']
['bishop', 'cathedral', 'chapel', 'christian', 'church', 'priest']
['black', 'brown', 'colour', 'green', 'white']
['blood', 'bone', 'brain', 'cell', 'muscle', 'nerve', 'stem', 'tissue', 'vein']
['blow', 'break', 'crack', 'tear']
['board', 'centre', 'commission', 'committee', 'council']
['boat', 'craft', 'fleet', 'ship', 'vessel', 'yard']
['body', 'breast', 'flesh', 'hair', 'heart', 'nail', 'patch', 'skin', 'stomach', 'sweat', 'tooth']
['bond']
['book', 'chapter', 'diary', 'edition', 'essay', 'guide', 'leaflet', 'poem', 'strip', 'verse', 'volume']
['border', 'boundary']
['boss', 'gentleman', 'killer', 'thief']
['bowl', 'champion', 'championship', 'league', 'match', 'qualification', 'squad', 'team', 'title', 'tournament', 'trophy']
['branch', 'line', 'railway', 'station']
['brand', 'client', 'customer', 'product', 'software', 'supplier', 'vendor']
['bread', 'diet', 'dish', 'fish', 'food', 'lamb', 'meat', 'potato']
['breakfast', 'dinner', 'lunch', 'meal']
['breath', 'grin', 'kiss', 'laugh', 'sigh', 'signature', 'smile', 'touch']
['breeze', 'cloud', 'darkness', 'mist', 'shadow', 'sunlight', 'tide', 'trap']
['brick', 'building', 'stone', 'tile']
['bridge', 'canal', 'lock', 'tunnel']
['britain', 'ireland', 'scotland', 'wales']
['brow', 'cheek', 'chin', 'eyebrow', 'face', 'forehead', 'mouth', 'nose', 'tail', 'throat', 'tongue']
['brush', 'carpet', 'flower', 'grass', 'palm', 'sand', 'tree', 'wood']
['budget', 'debt', 'deficit', 'inflation', 'mortgage', 'spending']
['bull', 'horse', 'rider']
['burden', 'cost', 'expense', 'potential', 'rate', 'risk', 'threat']
['bush', 'clinton', 'ford', 'howard', 'jackson', 'johnson', 'washington', 'wilson']
['button', 'camera', 'panel', 'screen', 'stage']
['buyer', 'creditor', 'dealer', 'price', 'purchaser', 'seller']
['cabinet', 'minister', 'ministry', 'prime', 'spokesman', 'thatcher']
['cable', 'channel', 'network']
['calculation', 'datum', 'estimate', 'index', 'measure', 'measurement', 'sample']
['call', 'invitation', 'petition', 'proposal', 'recommendation', 'request', 'suggestion']
['camp', 'concentration', 'prisoner', 'refugee']
['campaign', 'demonstration', 'protest', 'rally']
['candidate', 'poll', 'referendum', 'vote', 'voter']
['capital', 'colony', 'empire', 'state', 'territory']
['captain', 'chief', 'commander', 'officer', 'reserve', 'sergeant', 'staff']
['card', 'chip', 'memory', 'processor']
['career', 'football', 'professional']
['cash', 'fortune', 'gift', 'money']
['cast', 'crew']
['catalogue', 'collection', 'library']
['category', 'list']
['cattle', 'sheep']
['cause', 'defect', 'disorder', 'phenomenon', 'symptom', 'weakness']
['caution', 'discretion', 'judgement', 'judgment', 'opinion']
['ceiling', 'curtain', 'deck', 'fence', 'floor', 'glass', 'pavement', 'roof']
['century', 'period', 'phase', 'time']
['ceremony', 'prayer', 'ritual', 'temple']
['certificate', 'curriculum', 'education', 'instruction', 'study', 'teaching', 'training', 'youth']
['chain', 'factory', 'furniture', 'garage', 'shoe', 'shop', 'store', 'workshop']
['chair', 'department', 'head']
['chairman', 'chancellor', 'deputy', 'director', 'executive', 'organiser', 'president', 'secretary', 'speaker', 'trustee']
['challenge', 'competition', 'competitor', 'contest', 'metre', 'sport']
['change', 'shift', 'step', 'switch', 'transition', 'trend']
['chaos', 'terror']
['character', 'role']
['charge', 'command', 'control', 'defence', 'duty', 'force', 'leadership', 'rank', 'task']
['charity', 'foundation', 'fund', 'trust', 'volunteer']
['charles', 'earl', 'edward', 'francis', 'henry', 'joseph', 'philip', 'william']
['chart']
['check', 'glance', 'look']
['cheque', 'credit', 'deposit', 'receipt', 'ticket', 'transaction']
['china', 'japan', 'kong']
['choice', 'preference', 'priority']
['christ', 'jesus']
['cigarette', 'dust', 'fire', 'flame', 'noise', 'smoke']
['circle', 'figure', 'space', 'sphere']
['circumstance', 'condition', 'crisis', 'situation']
['city', 'york']
['clash', 'conflict', 'dispute']
['class', 'grade', 'level']
['cliff', 'forest', 'hill', 'mountain', 'peak', 'ridge', 'slope', 'summit', 'valley']
['clinic', 'facility', 'hospital', 'medicine', 'surgery']
['closure', 'removal', 'replacement', 'separation', 'withdrawal']
['club', 'defender', 'forward', 'player', 'youngster']
['cluster', 'leaf']
['co-operation', 'communication', 'implementation', 'integration', 'interaction', 'negotiation', 'transformation']
['coal', 'farmer', 'mine', 'miner', 'worker']
['coffin', 'corpse', 'grave', 'statue']
['collapse', 'destruction', 'fate', 'loss']
['colleague', 'companion', 'friend', 'hero', 'lover', 'neighbour']
['college', 'institute', 'school', 'university']
['column', 'headline', 'news', 'newspaper', 'paper', 'press', 'print']
['combination', 'form', 'mixture', 'type', 'variation']
['commissioner', 'constable', 'inspector', 'lord']
['community', 'settlement', 'town', 'village']
['company', 'corp', 'corporation', 'subsidiary']
['compensation', 'damages', 'liability', 'payment', 'pension', 'reward']
['completion', 'construction', 'design', 'maintenance', 'operation']
['complex', 'core', 'formation', 'frame', 'structure']
['compromise', 'consensus', 'discussion', 'guideline']
['computer', 'innovation', 'science', 'technology']
['concept', 'constraint', 'doctrine', 'method', 'notion', 'principle']
['concern', 'difficulty', 'dilemma', 'error', 'fault', 'mistake', 'obstacle', 'problem', 'trouble']
['concert', 'festival', 'guest', 'lecture', 'theatre', 'tour']
['conference', 'meeting', 'session']
['confusion', 'controversy', 'criticism', 'debate', 'scandal', 'speculation', 'uncertainty']
['connection', 'contradiction', 'equivalent', 'relation', 'relative']
['consciousness', 'emotion', 'expression', 'gaze', 'imagination', 'instinct', 'mind', 'perception', 'sense', 'senses']
['consequence', 'outcome', 'result']
['conservative', 'democrat', 'kinnock', 'labour', 'tory']
['consumer', 'economy', 'market', 'stock']
['contact', 'involvement', 'participation']
['content', 'joke', 'mess', 'stuff', 'thing']
['convention', 'declaration', 'independence', 'peace', 'treaty']
['corner', 'cottage', 'garden', 'lane', 'park', 'square', 'street', 'terrace']
['corridor', 'path', 'road', 'route', 'trail']
['count']
['counter', 'strategy', 'tactic', 'technique', 'trick']
['country', 'nation']
['county', 'district', 'province']
['couple', 'pair']
['courage', 'determination', 'honour', 'pride', 'spirit']
['course', 'discipline', 'field', 'practice', 'profession']
['cover', 'poster']
['criterion', 'directive', 'limitation', 'need', 'provision', 'requirement']
['crop', 'goods', 'grain', 'salt']
['cross', 'knight']
['culture', 'history', 'language', 'literature', 'philosophy', 'poetry', 'politics']
['curiosity', 'delight', 'excitement', 'laughter', 'surprise', 'warmth']
['current', 'future', 'past', 'present']
['cycle', 'flow', 'stream', 'traffic']
['damage', 'danger', 'harm']
['dance', 'music']
['database', 'date', 'document', 'file', 'letter', 'source']
['dawn']
['death', 'resignation', 'retirement']
['decade', 'month', 'week', 'year']
['degree', 'doctor', 'master', 'thesis']
['democracy', 'discourse', 'hierarchy', 'identity', 'ideology', 'marx', 'religion', 'stance', 'unity']
['depression', 'recession']
['depth', 'depths']
['development', 'management', 'plan', 'planning']
['device', 'filter', 'mechanism', 'mode', 'module', 'platform', 'system', 'tool']
['diana', 'emily', 'helen', 'kate', 'laura', 'lily', 'lucy', 'maggie', 'rachel', 'robyn', 'ruth', 'sarah', 'susan']
['difference', 'distinction']
['disc', 'disk', 'tape', 'track']
['display', 'performance', 'presentation', 'reception', 'selection', 'speech']
['distance', 'drive', 'pass', 'ride', 'stand', 'walk', 'watch']
['division', 'promotion']
['domain', 'image', 'photograph', 'picture', 'resolution']
['door', 'doorway', 'entrance', 'stair', 'wall', 'window']
['doubt', 'evidence', 'expectation', 'proof']
['draft', 'final', 'round', 'season']
['drama', 'episode', 'feature', 'film', 'horror', 'movie', 'scene', 'series']
['draw', 'drawing', 'paint', 'painting']
['dream', 'hope', 'love']
['earth', 'moon', 'planet', 'star', 'universe']
['east', 'north', 'south', 'west']
['edge', 'extension', 'margin', 'part', 'portion', 'remains', 'section', 'stretch']
['effect', 'emphasis', 'focus', 'impact', 'influence']
['electricity', 'energy', 'fuel', 'power']
['employee', 'employer', 'parent']
['engine', 'front', 'gear', 'shaft', 'wheel']
['engineer', 'expert', 'historian', 'laboratory', 'participant', 'research', 'researcher', 'scholar', 'scientist']
['enquiry', 'inquiry', 'investigation', 'report']
['equation', 'mass', 'medium', 'momentum', 'particle']
['equipment', 'machinery', 'supplies', 'supply']
['estate', 'land', 'ownership', 'property', 'stake']
['event', 'race']
['evolution', 'hypothesis', 'logic', 'theory']
['example', 'ideal', 'instance']
['excess', 'improvement', 'increase', 'recovery', 'reduction']
['exhibition', 'gallery', 'museum', 'portrait']
['existence', 'presence']
['expedition', 'journey', 'trip', 'visit']
['experience', 'expertise', 'interest', 'knowledge', 'skill', 'specialist']
['experiment', 'initiative', 'program', 'programme', 'project', 'schedule']
['export', 'import', 'industry', 'production', 'trade']
['fabric', 'fibre', 'wire']
['factor', 'function', 'interval', 'parameter', 'variable']
['failure', 'refusal', 'tendency', 'willingness']
['farm', 'hole', 'lake', 'mill', 'pond', 'pool', 'river']
['fashion', 'gesture', 'manner', 'style', 'tone']
['favour', 'succession']
['feeling', 'impression', 'mood']
['fellow', 'inhabitant', 'leader', 'member', 'supporter']
['flood', 'heat', 'pollution', 'waste', 'water', 'waters']
['france', 'paris', 'rome']
['freedom', 'human', 'rights']
['friendship', 'joint', 'merger', 'partner', 'partnership', 'venture']
['gain', 'hold', 'holder', 'holding', 'share']
['game', 'video']
['germany', 'hitler', 'israel', 'italy', 'spain']
['glimpse', 'hint', 'moment']
['goal', 'pitch', 'play', 'rating', 'score', 'wicket']
['gorbachev', 'moscow', 'republic', 'russia', 'union']
['guitar', 'instrument', 'lead', 'organ', 'rhythm']
['half', 'quarter']
['hall', 'room']
['handful', 'number']
['handle', 'input', 'lift', 'load']
['heap', 'pile']
['heaven', 'hell']
['height', 'length', 'shape', 'size', 'weight']
['horn', 'piece', 'string']
['host', 'show']
['hour', 'inch', 'mile', 'minute', 'seconds']
['hundred', 'million', 'thousand']
['illness', 'injury', 'stroke']
['importance', 'significance']
['individual', 'other']
['inequality', 'poverty', 'unemployment']
['information', 'insight', 'material', 'statistics']
['injunction', 'remedy', 'restriction', 'sanction', 'solution']
['intention', 'motive', 'objective', 'purpose']
['invasion', 'occupation', 'revolution']
['issue', 'matter']
['journal', 'magazine', 'papers', 'proceedings', 'publication', 'review', 'society']
['kind', 'sort']
['label', 'record', 'recording', 'sound', 'studio']
['ladder']
['landlord', 'tenant']
['lesson', 'pupil', 'resident', 'student', 'teacher']
['let', 'will', 'wish']
['life', 'lifetime', 'living']
['link', 'links']
['location', 'target']
['mail', 'packet', 'service']
['major']
['majority', 'minority', 'percentage']
['maker', 'manufacturer']
['meaning', 'name', 'phrase', 'term', 'word']
['means', 'necessity', 'possibility', 'virtue']
['merit', 'warrant']
['middle']
['mirror', 'observer']
['monopoly', 'privilege', 'status']
['motion']
['mouse', 'pocket', 'rabbit']
['mystery', 'novel', 'plot', 'story', 'tale']
['myth', 'origin', 'tradition']
['nest']
['norm']
['note', 'notice', 'register', 'warning']
['nurse', 'practitioner']
['observation', 'reflection', 'representation', 'sight', 'vision']
['office', 'post']
['open']
['operator', 'phone', 'telephone']
['paragraph', 'prison', 'sentence']
['passenger', 'rail', 'stop', 'train']
['peasant']
['people', 'person']
['personality', 'reality', 'voice']
['perspective', 'point', 'view']
['pole']
['popularity', 'reputation', 'success']
['preparation']
['pressure', 'root', 'strain', 'stress', 'tension']
['procedure', 'process', 'routine', 'scheme']
['prospect', 'prospects']
['radio', 'television']
['rain', 'snow', 'storm', 'weather', 'wind']
['reading', 'work', 'writing']
['remainder', 'rest', 'whole']
['rope', 'waist']
['second']
['setting']
['theme']
['thinking', 'thought']
['times']
['trace']
['tragedy', 'triumph', 'victory']
['while', 'whilst']
['worth']
