['dollar', 'pound', 'dollar', 'pound']
['formula', 'curve', 'equation', 'formula']
['quote', 'comment', 'joke', 'note', 'question', 'remark', 'report', 'statement', 'support', 'talk', 'vote']
['ability', 'attempt', 'desire', 'determination', 'lack', 'need', 'refusal', 'tendency', 'willingness']
['absence', 'appointment', 'arrival', 'departure', 'resignation', 'retirement', 'withdrawal']
['abuse', 'action', 'activity', 'attitude', 'behaviour', 'conduct', 'habit']
['acceptance', 'admission', 'popularity', 'recognition', 'rejection', 'success']
['access', 'core', 'filter', 'format', 'interface', 'layer', 'menu', 'module', 'port', 'processor', 'protocol']
['accident', 'crash', 'disaster', 'explosion', 'flood', 'incident', 'tragedy']
['accommodation', 'care', 'finance', 'health', 'housing', 'safety', 'security', 'welfare']
['account', 'definition', 'description', 'evidence', 'explanation', 'interpretation', 'proof']
['accountant', 'architect', 'auditor', 'clerk', 'councillor', 'doctor', 'lawyer', 'practitioner', 'servant', 'solicitor']
['accuracy', 'availability', 'capability', 'complexity', 'effectiveness', 'efficiency', 'quality', 'sensitivity', 'stability', 'survival', 'validity']
['achievement', 'development', 'innovation', 'reform', 'technology']
['acid', 'compound', 'domain', 'gene', 'molecule', 'particle', 'protein', 'strand']
['acquisition', 'discovery', 'merger', 'purchase', 'sale']
['acre', 'metre', 'mile']
['actor', 'analyst', 'commentator', 'critic', 'executive', 'historian', 'journalist', 'personality', 'photographer', 'politician', 'reporter']
['adam', 'alice', 'charlie', 'diana', 'emily', 'harry', 'helen', 'jack', 'jane', 'kate', 'laura', 'lily', 'lucy', 'luke', 'maggie', 'mark', 'rachel', 'robyn', 'ruth', 'sarah', 'susan', 'tony', 'willie']
['addition', 'expansion', 'extension']
['address', 'answer', 'message', 'reply']
['administration', 'government', 'regime', 'rule']
['adoption', 'implementation', 'introduction']
['adult', 'female', 'male']
['advance', 'progress']
['advantage', 'defect', 'failure', 'weakness']
['advertisement', 'advertising', 'promotion', 'publicity']
['advice', 'guidance', 'recommendation']
['adviser', 'organiser', 'secretary', 'spokesman']
['affair', 'bond', 'friendship', 'marriage', 'partnership', 'relationship']
['africa', 'australia', 'china', 'india', 'iraq', 'japan', 'kong', 'moscow']
['afternoon', 'evening', 'morning', 'night']
['agency', 'charity', 'entity', 'institution', 'organisation', 'organization']
['agenda', 'culture', 'doctrine', 'ideology', 'leadership', 'politics', 'religion', 'stance']
['agent', 'commissioner', 'constable', 'inspector', 'major', 'officer', 'official', 'sergeant']
['agreement', 'contract', 'deal']
['aircraft', 'airline', 'flight', 'helicopter', 'plane']
['airport', 'forest', 'museum', 'park', 'reserve']
['alarm', 'anger', 'fear', 'frustration', 'rage']
['album', 'book', 'essay', 'novel', 'poem']
['alcohol', 'drug', 'substance']
['allegation', 'case', 'charge', 'claim', 'complaint', 'offence', 'rumour', 'suspicion']
['alliance', 'association', 'society', 'union']
['allocation', 'budget', 'consumption', 'cost', 'expenditure', 'expense', 'investment', 'spending', 'waste']
['allowance', 'credit', 'deposit', 'dividend', 'earnings', 'income', 'pension', 'premium', 'price', 'revenue', 'salary', 'subsidy', 'surplus', 'turnover', 'wages']
['ally', 'competitor', 'neighbour', 'rival']
['alternative', 'compromise', 'solution']
['ambassador', 'delegate', 'delegation', 'deputy', 'representative', 'speaker', 'volunteer']
['ambition', 'curiosity', 'enthusiasm', 'instinct', 'interest', 'passion', 'reputation', 'respect', 'sympathy', 'talent']
['amendment', 'bill', 'charter', 'clause', 'code', 'constitution', 'declaration', 'decree', 'directive', 'legislation', 'provision', 'statute', 'treaty']
['america', 'britain', 'england', 'europe', 'france', 'germany', 'ireland', 'israel', 'italy', 'paris', 'rome', 'russia', 'scotland', 'spain']
['american', 'christian', 'german', 'russian']
['amount', 'balance', 'excess', 'fraction', 'majority', 'proportion', 'quantity']
['analysis', 'assessment', 'calculation', 'consideration', 'defence', 'evaluation', 'examination', 'identification', 'inspection', 'maintenance', 'management', 'measurement', 'observation', 'preparation', 'questionnaire', 'regulation', 'research', 'review', 'study', 'survey', 'test', 'treatment']
['angel', 'character', 'creature', 'ghost', 'hero', 'killer', 'monster']
['angle', 'corner', 'edge', 'horizon', 'margin', 'side']
['animal', 'bird', 'fish', 'human', 'insect']
['ankle', 'cheek', 'elbow', 'eyebrow', 'finger', 'hand', 'heel', 'knee', 'shoulder', 'stroke', 'thigh', 'thumb', 'waist', 'wicket', 'wound', 'wrist']
['anna', 'anne', 'blanche', 'caroline', 'elizabeth', 'isabel', 'marie', 'mary']
['anniversary', 'birthday']
['announcement', 'appearance', 'delivery', 'demonstration', 'distribution', 'performance', 'presentation', 'reception', 'speech']
['anxiety', 'guilt', 'pain', 'panic', 'sensation', 'stress', 'uncertainty']
['apartment', 'bathroom', 'bedroom', 'kitchen', 'room']
['appeal', 'invitation', 'notice', 'offer', 'petition', 'request', 'suggestion', 'wish']
['apple', 'cream', 'juice']
['applicant', 'defendant', 'individual', 'offender', 'other', 'participant', 'patient', 'plaintiff', 'voter']
['application', 'button', 'device', 'instrument', 'machine', 'medium', 'platform', 'resource', 'software', 'source', 'tool']
['approach', 'mechanism', 'method', 'mode', 'procedure', 'process', 'recipe', 'technique']
['approval', 'consent', 'permission']
['april', 'february', 'june', 'march']
['architecture', 'design', 'fashion', 'model']
['area', 'county', 'province', 'region', 'zone']
['argument', 'concern', 'objection', 'obstacle', 'opposition']
['army', 'fleet', 'force', 'troops']
['arrangement', 'composition', 'manner', 'version']
['array', 'combination', 'mixture', 'variety']
['arrest', 'crime', 'death', 'killing', 'murder', 'suicide']
['arrow', 'blade', 'bullet', 'fist', 'handle', 'knife', 'leaf', 'mirror', 'sword', 'wheel']
['article', 'chapter', 'paragraph', 'section', 'sentence', 'verse']
['artist', 'author', 'dancer', 'editor', 'poet', 'producer', 'writer']
['aspect', 'component', 'dimension', 'element', 'nature', 'phenomenon', 'theme']
['assault', 'attack', 'landing', 'raid', 'strike']
['assembly', 'congress', 'diet', 'election', 'parliament']
['asset', 'estate', 'land', 'property']
['assistance', 'ease', 'help', 'let']
['assistant', 'colleague', 'fellow', 'friend', 'partner', 'pupil']
['assumption', 'basis', 'belief', 'concept', 'conception', 'fact', 'idea', 'implication', 'impression', 'notion', 'perception', 'premise', 'proposition', 'understanding']
['athelstan', 'benjamin', 'charles', 'edward', 'george', 'henry', 'philip', 'richard', 'robert', 'will', 'william']
['atmosphere', 'environment', 'sphere']
['attention', 'bias', 'contempt', 'criticism', 'discrimination', 'hostility', 'resistance', 'tension', 'threat', 'violence']
['attraction', 'date', 'location', 'place', 'site']
['audience', 'client', 'consumer', 'customer', 'employee', 'passenger', 'public', 'user', 'viewer']
['authority', 'board', 'commission', 'committee', 'council', 'tribunal']
['autumn', 'fall', 'spring', 'summer', 'winter']
['average', 'maximum', 'minimum', 'total']
['award', 'medal', 'prize', 'winner']
['awareness', 'consciousness', 'discourse', 'identity', 'imagination', 'mind', 'reality', 'self', 'senses', 'soul', 'vision']
['baby', 'child']
['back', 'forward']
['background', 'context', 'framework', 'perspective', 'scope', 'sense', 'setting']
['bacterium', 'chemical', 'organism', 'species', 'strain', 'virus']
['baker', 'bell', 'clarke', 'eliot', 'howard', 'jackson', 'johnson', 'jones', 'lewis', 'martin', 'miller', 'morgan', 'scott', 'smith', 'taylor', 'walker', 'williams', 'wilson', 'wright']
['ball', 'cable', 'ladder', 'nail', 'pipe', 'pole', 'rope', 'shaft', 'string', 'tube', 'wire']
['band', 'crowd', 'gang', 'pack']
['bank', 'company', 'corp', 'corporation', 'subsidiary']
['barrel', 'bottle', 'container']
['barrier', 'curtain', 'fence', 'front', 'wall']
['base', 'building', 'camp', 'centre', 'clinic', 'complex', 'facility', 'headquarters', 'hospital', 'laboratory', 'plant', 'prison', 'station', 'unit']
['basket', 'bath', 'bucket', 'cell', 'chamber', 'coffin', 'column', 'cupboard', 'downstairs', 'flat', 'hole', 'pocket', 'shelter', 'space', 'tent', 'tray']
['battery', 'carriage', 'engine', 'lorry', 'rail', 'tank', 'taxi', 'train', 'truck', 'vehicle']
['battle', 'fight', 'fighting', 'struggle']
['beach', 'coast', 'shore']
['beam', 'frame', 'pulse', 'signal', 'wave']
['beauty', 'colour', 'comfort', 'emotion', 'excitement', 'flavour', 'laughter', 'spirit', 'warmth']
['beer', 'champagne', 'coffee', 'drink', 'wine']
['beginning', 'start']
['being', 'meaning', 'means']
['belt', 'blanket', 'boot', 'collar', 'glove', 'mask', 'ring', 'shoe']
['bench', 'jury', 'panel']
['benefit', 'gain', 'profit']
['best', 'custom', 'guideline', 'norm', 'specification', 'standard']
['bible', 'content', 'contents', 'document', 'print', 'script', 'text']
['bike', 'motor', 'track']
['birth', 'construction', 'creation', 'destruction', 'establishment', 'formation', 'removal']
['bishop', 'count', 'duke', 'earl']
['black', 'brown', 'green', 'white']
['block', 'delay']
['blood', 'brain', 'flesh', 'hair', 'skin']
['blow', 'kick', 'pass', 'punch', 'shot']
['boat', 'carrier', 'craft', 'ship', 'vessel']
['body', 'corpse', 'grave', 'remains', 'statue']
['bomb', 'mine', 'missile', 'weapon']
['bone', 'muscle', 'nerve', 'tissue']
['boom', 'crisis', 'depression', 'recession', 'shortage']
['border', 'boundary']
['boss', 'detective', 'guard', 'nurse', 'police', 'policeman', 'priest', 'soldier', 'thief']
['bottom', 'brow', 'circle', 'face', 'foot', 'slope']
['bowl']
['branch', 'coalition', 'faction', 'group', 'movement', 'party', 'wing']
['brand', 'ingredient', 'item', 'product']
['breach', 'damage', 'harm']
['bread', 'cake', 'dish', 'food', 'lamb', 'meat', 'milk', 'potato']
['break', 'crack', 'tear']
['breakfast', 'dinner', 'lunch', 'meal']
['breast', 'chest', 'chin', 'forehead', 'head', 'mouth', 'neck', 'nose', 'stomach', 'tail', 'throat', 'tongue']
['breath', 'scent', 'smell', 'sound', 'taste']
['breeze', 'cloud', 'dust', 'flame', 'heat', 'light', 'mist', 'rain', 'snow', 'storm', 'sunlight']
['brick', 'cloth', 'fabric', 'plate', 'tile']
['bridge', 'railway', 'tunnel']
['brother', 'cousin', 'daughter', 'mother', 'parent', 'sister', 'successor', 'wife']
['brush', 'gaze', 'grin', 'laugh', 'sigh', 'smile']
['bulk', 'middle', 'remainder', 'rest']
['bull', 'cattle', 'horse', 'mouse', 'rabbit', 'sheep']
['burden', 'duty', 'incentive', 'liability', 'monopoly', 'obligation', 'requirement', 'responsibility']
['bush', 'glass', 'grass', 'stone', 'wood']
['business', 'enterprise', 'venture']
['buyer', 'creditor', 'employer', 'inhabitant', 'investor', 'landlord', 'purchaser', 'seller', 'shareholder', 'tenant']
['cabinet', 'department', 'embassy', 'minister', 'ministry', 'office']
['call', 'hold', 'holding']
['camera', 'computer']
['campaign', 'policy', 'strategy', 'tactic']
['canal', 'river', 'stream', 'valley']
['cancer', 'disease', 'disorder', 'illness', 'infection', 'injury', 'surgery']
['candidate', 'conservative', 'democrat', 'tory']
['candle', 'lamp', 'needle', 'prayer', 'torch']
['capacity', 'existence', 'life', 'lifespan', 'lifetime']
['capital', 'cash', 'coin', 'currency']
['captain', 'chief', 'command', 'commander', 'governor', 'leader', 'master']
['card', 'cheque', 'gift', 'grant', 'letter', 'receipt', 'ticket', 'transaction']
['career', 'field', 'profession']
['carpet', 'clock', 'desk', 'pillow', 'shelf', 'sofa', 'table', 'towel']
['cast', 'crew', 'staff']
['castle', 'hall', 'palace', 'temple', 'villa']
['catalogue', 'collection', 'exhibition', 'gallery', 'library', 'portfolio']
['category', 'chart', 'database', 'index', 'list', 'page']
['cathedral', 'chapel', 'church']
['cause', 'motive', 'purpose', 'reason']
['caution', 'warning']
['ceiling', 'deck', 'floor', 'pavement', 'roof', 'surface']
['century', 'decade', 'generation']
['ceremony', 'concert', 'festival', 'guest', 'lecture', 'recording', 'session', 'theatre']
['certificate', 'degree', 'licence']
['chain', 'channel', 'circuit', 'cluster', 'network', 'service', 'system']
['chair', 'chairman', 'chancellor', 'director', 'member', 'president', 'resident', 'supporter', 'trustee']
['challenge', 'competition', 'contest', 'poll', 'rally']
['champion', 'championship', 'division', 'league', 'qualification', 'season', 'title', 'tournament', 'trophy']
['chance', 'opportunity', 'possibility']
['change', 'move', 'shift', 'switch', 'trend']
['chaos', 'terror']
['characteristic', 'feature']
['check', 'drop', 'lift', 'slide']
['chip', 'disc', 'disk', 'file', 'memory', 'tape']
['choice', 'option', 'preference', 'replacement', 'selection']
['christ', 'jesus']
['cigarette', 'penny', 'pint', 'slice']
['circumstance', 'condition']
['citizen', 'living', 'prisoner', 'rebel', 'refugee', 'witness']
['city', 'community', 'settlement', 'town', 'village']
['clash', 'conflict', 'dispute']
['class', 'grade', 'rank']
['cliff', 'hill', 'mountain', 'peak', 'ridge', 'summit']
['climate', 'countryside', 'interior', 'landscape']
['clinton', 'gorbachev', 'hitler', 'kinnock', 'marx', 'thatcher']
['closure', 'completion', 'opening']
['clothes', 'furniture']
['club', 'squad', 'team']
['co-operation', 'compliance', 'consultation', 'negotiation', 'referendum']
['coach', 'defender', 'player', 'receiver']
['coal', 'crop', 'fibre', 'fruit', 'goods', 'grain', 'salt', 'seed', 'stock', 'sugar']
['coat', 'dress', 'flag', 'seal']
['collapse', 'decline', 'rise', 'rose', 'spread']
['collector', 'dealer', 'farmer', 'miner', 'peasant', 'teacher', 'worker']
['college', 'school', 'university']
['colony', 'jurisdiction', 'territory']
['commitment', 'contribution', 'effort', 'faith', 'loyalty', 'promise']
['communication', 'contact', 'interaction', 'traffic']
['companion', 'father', 'husband', 'lover']
['comparison', 'connection', 'contradiction', 'contrast', 'relation']
['compensation', 'concession', 'damages', 'payment', 'protection', 'punishment', 'relief', 'reward']
['concentration', 'incidence', 'rate', 'risk', 'symptom']
['conclusion', 'consensus', 'consequence', 'fate', 'outcome', 'result']
['conference', 'convention', 'meeting']
['confidence', 'demand', 'doubt', 'expectation', 'hope', 'intention']
['confusion', 'danger', 'disappointment', 'embarrassment', 'exposure', 'shock']
['constituency', 'district', 'seat', 'ward']
['constraint', 'criterion', 'factor', 'function', 'parameter', 'stimulus', 'variable']
['consultant', 'expert', 'professional', 'specialist']
['continent', 'island']
['control', 'effect', 'emphasis', 'focus', 'grip', 'impact', 'influence']
['controversy', 'debate', 'scandal', 'speculation']
['conversation', 'dialogue', 'discussion', 'interview', 'thread']
['conversion', 'evolution', 'integration', 'recovery', 'transformation', 'transition']
['conviction', 'decision', 'hearing', 'prosecution', 'resolution', 'trial', 'verdict']
['cook', 'hunt', 'trap', 'watch']
['copy', 'form', 'fragment', 'object', 'piece', 'sample', 'specimen']
['corbett', 'ford', 'graham', 'kelly', 'knight']
['corridor', 'line', 'path', 'road', 'route', 'trail']
['cottage', 'farm', 'home', 'hotel', 'house', 'mill']
['counter', 'limit', 'limitation', 'restriction']
['country', 'nation', 'state']
['couple', 'handful', 'minority', 'number', 'pair', 'plenty']
['courage', 'pride', 'skill', 'virtue']
['course', 'curriculum', 'lesson', 'schedule']
['court', 'judge', 'justice', 'magistrate']
['cover', 'garment', 'jacket', 'shirt', 'skirt', 'sleeve', 'suit', 'trousers', 'uniform']
['coverage', 'information', 'knowledge', 'material', 'statistics']
['cross']
['crown']
['current', 'present']
['cycle', 'pattern', 'scene', 'sequence', 'series']
['dance', 'music', 'poetry', 'tune']
['darkness', 'dawn', 'shadow', 'silence']
['datum', 'estimate', 'level', 'point']
['david', 'john', 'joseph', 'michael', 'mungo', 'nigel', 'patrick', 'paul', 'peter', 'stephen']
['debt', 'insurance', 'lease', 'loan', 'mortgage', 'rent', 'savings', 'stake']
['defeat', 'triumph', 'victory']
['deficit', 'employment', 'inequality', 'inflation', 'labour', 'pollution', 'population', 'poverty', 'unemployment']
['delight', 'surprise']
['democracy', 'economy', 'revolution', 'unity']
['depth', 'depths', 'detail', 'extent']
['designer', 'developer', 'firm', 'maker', 'manufacturer', 'supplier', 'vendor']
['diary', 'myth', 'story', 'tale']
['difference', 'distinction', 'variation']
['difficulty', 'trouble']
['dilemma', 'problem', 'situation']
['direction', 'impulse', 'mass', 'momentum', 'motion', 'pace', 'pressure']
['discipline', 'history', 'literature', 'logic', 'medicine', 'philosophy', 'science', 'tradition']
['discretion', 'judgement', 'judgment', 'opinion']
['display', 'screen', 'show']
['distance', 'height', 'length', 'size']
['door', 'doorway', 'stair', 'window']
['dose', 'load', 'weight']
['draft', 'outline', 'profile', 'shape']
['drama', 'episode', 'film', 'movie', 'song', 'video']
['draw', 'drawing', 'finding', 'painting', 'reading', 'writing']
['dream', 'kiss', 'sleep', 'touch']
['drive', 'ride', 'stand', 'walk']
['driver', 'pilot', 'rider']
['earth', 'moon', 'planet', 'star', 'universe', 'world']
['east', 'north', 'south', 'west']
['edition', 'volume']
['education', 'instruction', 'teaching', 'training']
['electricity', 'energy', 'fuel', 'power']
['emission', 'frequency', 'intensity', 'scale', 'speed', 'strength', 'temperature', 'tide']
['emperor', 'king', 'pope']
['empire', 'kingdom', 'republic']
['enemy', 'opponent', 'victim']
['engineer', 'researcher', 'scholar', 'scientist']
['english', 'french']
['enquiry', 'inquiry', 'investigation']
['entrance', 'entry', 'gate', 'passage']
['envelope', 'leaflet', 'packet', 'sheet', 'shell']
['equipment', 'gear', 'machinery', 'personnel']
['equivalent', 'relative']
['error', 'fault', 'mistake']
['event', 'race']
['example', 'instance', 'moment', 'occasion']
['exchange', 'return', 'transfer', 'transport']
['exercise', 'practice', 'work']
['expedition', 'holiday', 'journey', 'mission', 'tour', 'trip', 'visit']
['experience', 'expertise', 'intervention', 'involvement', 'membership', 'participation', 'presence']
['experiment', 'initiative', 'label', 'operation', 'project', 'task']
['export', 'import']
['expression', 'gesture', 'reflection', 'representation', 'signature', 'symbol']
['factory', 'garage', 'restaurant', 'shop', 'store', 'studio', 'workshop']
['family', 'household']
['favour', 'honour']
['feeling', 'mood', 'rhythm', 'style', 'tone', 'voice']
['figure', 'gentleman', 'girl', 'people', 'person', 'stranger', 'woman']
['final', 'open', 'round', 'second']
['fire', 'noise', 'paint', 'smoke', 'sweat']
['flow', 'input', 'output', 'production']
['flower', 'palm', 'tree']
['football', 'sport']
['fortune', 'money', 'treasury', 'wealth']
['foundation', 'fund', 'institute', 'trust']
['francis', 'james', 'simon', 'thomas']
['freedom', 'privilege', 'right', 'rights']
['future', 'past']
['game', 'match', 'play']
['garden', 'lake', 'pond', 'pool', 'yard']
['glance', 'glimpse', 'insight', 'look', 'sight', 'view']
['glory', 'happiness', 'love', 'peace', 'pleasure', 'satisfaction', 'truth']
['goal', 'ideal', 'objective', 'target']
['gold', 'metal', 'rock']
['ground', 'grounds', 'pitch']
['growth', 'improvement', 'increase', 'measure', 'reduction']
['guide', 'lead']
['guitar', 'horn', 'organ']
['gulf', 'ocean']
['half', 'quarter']
['headline', 'launch', 'release']
['heap', 'mess', 'pile']
['heart', 'joint', 'limb', 'spine', 'tooth', 'vein']
['heaven', 'hell']
['hierarchy', 'structure', 'succession']
['hint', 'sign', 'trace']
['holder', 'host', 'manager', 'operator', 'owner', 'ownership', 'publisher']
['hook', 'stick']
['horror', 'mystery', 'secret']
['hour', 'minute', 'seconds']
['hundred', 'million', 'thousand']
['hypothesis', 'principle', 'theory', 'thesis']
['image', 'photograph', 'picture', 'portrait', 'poster']
['importance', 'necessity', 'origin', 'priority', 'significance', 'status', 'value']
['inch', 'tonne']
['independence', 'isolation', 'separation']
['industry', 'market', 'sector']
['injunction', 'order', 'penalty', 'remedy', 'sanction']
['insider', 'observer', 'reader', 'scot', 'tourist', 'traveller', 'visitor']
['intelligence']
['interval', 'period', 'spell', 'time', 'times']
['invasion', 'occupation']
['issue', 'matter', 'subject', 'topic']
['journal', 'magazine', 'newspaper', 'publication']
['kind', 'sort', 'type']
['knot', 'lock', 'patch', 'stitch', 'strip', 'trick']
['lady', 'lord']
['lane', 'square', 'street', 'terrace', 'tower']
['language', 'name', 'phrase', 'term', 'word']
['leeds', 'liverpool', 'london', 'oxford', 'wales', 'washington', 'york']
['left']
['link', 'links', 'reference']
['loss']
['mail', 'phone', 'telephone']
['media', 'press']
['merit', 'warrant', 'worth']
['month', 'week', 'weekend', 'year']
['nest', 'prey']
['news', 'radio', 'television']
['package', 'program', 'programme']
['paper', 'papers', 'proceedings']
['part', 'portion', 'stretch']
['percentage', 'ratio', 'share']
['phase', 'stage']
['plan', 'planning', 'plot', 'proposal', 'scheme']
['position', 'post', 'role', 'spot']
['possession', 'pursuit', 'search']
['potential', 'prospect', 'prospects']
['prime']
['prince', 'princess', 'queen']
['protest']
['range', 'spectrum']
['rating', 'record', 'score']
['reaction', 'response', 'thanks']
['register', 'roll']
['ritual', 'routine']
['root', 'stem']
['sand', 'soil', 'water', 'waters']
['step', 'turn']
['stop']
['student', 'teenager', 'youngster', 'youth']
['stuff', 'thing']
['supplies', 'supply']
['thinking', 'thought']
['trade', 'trading']
['weather', 'wind']
['while']
['whilst']
['whole']
